ref_date,ref_no,ref_type,description,debt_increment_amount,debt_decrement_amount,debt_opening_amount,account_object_name,account_object_code,account_object_id,running_balance,debt_report_detail_id,branch_id,branch_name,session_id,detail_id,ref_id,is_bold
,,,Số dư nợ đầu kỳ,0.0,0.0,0.0,CÔNG TY TRÁCH NHIỆM HỮU HẠN THƯƠNG MẠI TỔNG HỢP THỰC PHẨM QUỐC KHÁNH,NCC012QUOCKHANH,01eed446-dba0-441c-83e1-62e83a04f605,0.0,a55b25f2-8bc6-11f1-9b18-005056b2a5de,,,a556e3ed-8bc6-11f1-9b18-005056b2a5de,1,a55b25b9-8bc6-11f1-9b18-005056b2a5de,1
,,,Tổng,,,,CÔNG TY TRÁCH NHIỆM HỮU HẠN THƯƠNG MẠI TỔNG HỢP THỰC PHẨM QUỐC KHÁNH,NCC012QUOCKHANH,01eed446-dba0-441c-83e1-62e83a04f605,0.0,a55bd58c-8bc6-11f1-9b18-005056b2a5de,,,a556e3ed-8bc6-11f1-9b18-005056b2a5de,2,a55bd550-8bc6-11f1-9b18-005056b2a5de,1
,,,Số dư nợ đầu kỳ,0.0,0.0,0.0,CHI NHÁNH CÔNG TY TNHH THƯƠNG MẠI ĐẮC HƯNG TẠI NINH THUẬN,NCC007DACHUNG,0206a6c4-c344-40cb-99e7-d52df26fd7f1,0.0,a55c4dfa-8bc6-11f1-9b18-005056b2a5de,,,a556e3ed-8bc6-11f1-9b18-005056b2a5de,3,a55c4dbf-8bc6-11f1-9b18-005056b2a5de,1
,,,Tổng,0.0,0.0,,CHI NHÁNH CÔNG TY TNHH THƯƠNG MẠI ĐẮC HƯNG TẠI NINH THUẬN,NCC007DACHUNG,0206a6c4-c344-40cb-99e7-d52df26fd7f1,0.0,a55d051e-8bc6-11f1-9b18-005056b2a5de,,,a556e3ed-8bc6-11f1-9b18-005056b2a5de,5,a55d04f7-8bc6-11f1-9b18-005056b2a5de,1
,,,Số dư nợ đầu kỳ,0.0,0.0,1392000.0,CÔNG TY TNHH THƯƠNG MẠI TƯỜNG LAM,NCC039TUONGLAM,0475d7d3-8104-44d2-985a-c064b37b6c80,1392000.0,a55d93ec-8bc6-11f1-9b18-005056b2a5de,,,a556e3ed-8bc6-11f1-9b18-005056b2a5de,6,a55d93c5-8bc6-11f1-9b18-005056b2a5de,1
,,,Tổng,,,,CÔNG TY TNHH THƯƠNG MẠI TƯỜNG LAM,NCC039TUONGLAM,0475d7d3-8104-44d2-985a-c064b37b6c80,1392000.0,a55e0940-8bc6-11f1-9b18-005056b2a5de,,,a556e3ed-8bc6-11f1-9b18-005056b2a5de,7,a55e0921-8bc6-11f1-9b18-005056b2a5de,1
,,,Số dư nợ đầu kỳ,0.0,0.0,0.0,CÔNG TY TNHH SẢN XUẤT THƯƠNG MẠI VÀ DỊCH VỤ BỎNG GẠO,NCC045BONGGAO,06d9117c-3767-4cfd-b867-a75eeb597546,0.0,a55e5eb0-8bc6-11f1-9b18-005056b2a5de,,,a556e3ed-8bc6-11f1-9b18-005056b2a5de,8,a55e5e92-8bc6-11f1-9b18-005056b2a5de,1
,,,Tổng,,,,CÔNG TY TNHH SẢN XUẤT THƯƠNG MẠI VÀ DỊCH VỤ BỎNG GẠO,NCC045BONGGAO,06d9117c-3767-4cfd-b867-a75eeb597546,0.0,a55ecc8e-8bc6-11f1-9b18-005056b2a5de,,,a556e3ed-8bc6-11f1-9b18-005056b2a5de,9,a55ecc63-8bc6-11f1-9b18-005056b2a5de,1
,,,Số dư nợ đầu kỳ,0.0,0.0,0.0,CÔNG TY TNHH PHÁT TƯỜNG AN,NCC023PHATTUONGAN,0e33db0a-cbe4-4828-bc0c-22970cb304d8,0.0,a55f2c57-8bc6-11f1-9b18-005056b2a5de,,,a556e3ed-8bc6-11f1-9b18-005056b2a5de,10,a55f2c2e-8bc6-11f1-9b18-005056b2a5de,1
,,,Tổng,,,,CÔNG TY TNHH PHÁT TƯỜNG AN,NCC023PHATTUONGAN,0e33db0a-cbe4-4828-bc0c-22970cb304d8,0.0,a55f8e8a-8bc6-11f1-9b18-005056b2a5de,,,a556e3ed-8bc6-11f1-9b18-005056b2a5de,11,a55f8e6b-8bc6-11f1-9b18-005056b2a5de,1
,,,Số dư nợ đầu kỳ,0.0,0.0,0.0,CÔNG TY TNHH THƯƠNG MẠI ĐẮC HƯNG,NCC050DACHUNG,0f46b1b9-6f5f-4cbd-b130-093b2a099422,0.0,a55fedfb-8bc6-11f1-9b18-005056b2a5de,,,a556e3ed-8bc6-11f1-9b18-005056b2a5de,12,a55feddc-8bc6-11f1-9b18-005056b2a5de,1
,,,Tổng,,,,CÔNG TY TNHH THƯƠNG MẠI ĐẮC HƯNG,NCC050DACHUNG,0f46b1b9-6f5f-4cbd-b130-093b2a099422,0.0,a5604884-8bc6-11f1-9b18-005056b2a5de,,,a556e3ed-8bc6-11f1-9b18-005056b2a5de,13,a5604867-8bc6-11f1-9b18-005056b2a5de,1
,,,Số dư nợ đầu kỳ,0.0,0.0,0.0,CÔNG TY TNHH THƯƠNG MẠI XÂY DỰNG - CHẾ BIẾN LÂM SẢN - MỘC - THÀNH LỢI,NCC027THANHLOI,11ec3962-3823-4ab6-b641-276ebe8e0d23,0.0,a560c578-8bc6-11f1-9b18-005056b2a5de,,,a556e3ed-8bc6-11f1-9b18-005056b2a5de,14,a560c557-8bc6-11f1-9b18-005056b2a5de,1
,,,Tổng,0.0,0.0,,CÔNG TY TNHH THƯƠNG MẠI XÂY DỰNG - CHẾ BIẾN LÂM SẢN - MỘC - THÀNH LỢI,NCC027THANHLOI,11ec3962-3823-4ab6-b641-276ebe8e0d23,0.0,a5616f30-8bc6-11f1-9b18-005056b2a5de,,,a556e3ed-8bc6-11f1-9b18-005056b2a5de,20,a5616f13-8bc6-11f1-9b18-005056b2a5de,1
,,,Số dư nợ đầu kỳ,0.0,0.0,0.0,CÔNG TY TNHH PHÂN PHỐI NGUYÊN BÌNH,NCC030NGUYENBINH,131f7d6f-8ae3-4ce8-949e-ea847475c9f3,0.0,a561cf0c-8bc6-11f1-9b18-005056b2a5de,,,a556e3ed-8bc6-11f1-9b18-005056b2a5de,21,a561cef0-8bc6-11f1-9b18-005056b2a5de,1
,,,Tổng,,,,CÔNG TY TNHH PHÂN PHỐI NGUYÊN BÌNH,NCC030NGUYENBINH,131f7d6f-8ae3-4ce8-949e-ea847475c9f3,0.0,a5624e14-8bc6-11f1-9b18-005056b2a5de,,,a556e3ed-8bc6-11f1-9b18-005056b2a5de,22,a5624df6-8bc6-11f1-9b18-005056b2a5de,1
,,,Số dư nợ đầu kỳ,0.0,0.0,3087384.0,CÔNG TY TNHH DƯỢC PHẨM - THƯƠNG MẠI THY THY,NCC022THYTHY,1696ed98-99df-4284-b34b-2adf9ebeb2e9,3087384.0,a562df4b-8bc6-11f1-9b18-005056b2a5de,,,a556e3ed-8bc6-11f1-9b18-005056b2a5de,23,a562df2d-8bc6-11f1-9b18-005056b2a5de,1
,,,Tổng,0.0,0.0,,CÔNG TY TNHH DƯỢC PHẨM - THƯƠNG MẠI THY THY,NCC022THYTHY,1696ed98-99df-4284-b34b-2adf9ebeb2e9,3087384.0,a563d062-8bc6-11f1-9b18-005056b2a5de,,,a556e3ed-8bc6-11f1-9b18-005056b2a5de,31,a563d043-8bc6-11f1-9b18-005056b2a5de,1
,,,Số dư nợ đầu kỳ,0.0,0.0,0.0,HỘ KINH DOANH QUỐC TUÂN,NCC051QUOCTUAN,23cfbada-5d52-4908-b698-32fa9f144b6d,0.0,a5643f11-8bc6-11f1-9b18-005056b2a5de,,,a556e3ed-8bc6-11f1-9b18-005056b2a5de,32,a5643ee5-8bc6-11f1-9b18-005056b2a5de,1
,,,Tổng,0.0,0.0,,HỘ KINH DOANH QUỐC TUÂN,NCC051QUOCTUAN,23cfbada-5d52-4908-b698-32fa9f144b6d,0.0,a565254d-8bc6-11f1-9b18-005056b2a5de,,,a556e3ed-8bc6-11f1-9b18-005056b2a5de,34,a565251e-8bc6-11f1-9b18-005056b2a5de,1
,,,Số dư nợ đầu kỳ,0.0,0.0,0.0,"CHI NHÁNH CÔNG TY CỔ PHẦN SẢN XUẤT, THƯƠNG MẠI VÀ DỊCH VỤ PHÚC THỊNH",NCC046PHUCTHINH,2645fb63-ca5b-435d-b333-910ee955240b,0.0,a5662638-8bc6-11f1-9b18-005056b2a5de,,,a556e3ed-8bc6-11f1-9b18-005056b2a5de,35,a5662602-8bc6-11f1-9b18-005056b2a5de,1
,,,Tổng,,,,"CHI NHÁNH CÔNG TY CỔ PHẦN SẢN XUẤT, THƯƠNG MẠI VÀ DỊCH VỤ PHÚC THỊNH",NCC046PHUCTHINH,2645fb63-ca5b-435d-b333-910ee955240b,0.0,a56708fe-8bc6-11f1-9b18-005056b2a5de,,,a556e3ed-8bc6-11f1-9b18-005056b2a5de,36,a56708d7-8bc6-11f1-9b18-005056b2a5de,1
,,,Số dư nợ đầu kỳ,0.0,0.0,0.0,CÔNG TY TRÁCH NHIỆM HỮU HẠN THƯƠNG MẠI VÀ DỊCH VỤ PHƯỢNG ĐỊNH,NCC056PHUONGDINH,2806e851-37a0-41fc-87d5-19b1f2d78fbf,0.0,a567d0c7-8bc6-11f1-9b18-005056b2a5de,,,a556e3ed-8bc6-11f1-9b18-005056b2a5de,37,a567d044-8bc6-11f1-9b18-005056b2a5de,1
,,,Tổng,0.0,0.0,,CÔNG TY TRÁCH NHIỆM HỮU HẠN THƯƠNG MẠI VÀ DỊCH VỤ PHƯỢNG ĐỊNH,NCC056PHUONGDINH,2806e851-37a0-41fc-87d5-19b1f2d78fbf,0.0,a5691ce3-8bc6-11f1-9b18-005056b2a5de,,,a556e3ed-8bc6-11f1-9b18-005056b2a5de,39,a5691ca8-8bc6-11f1-9b18-005056b2a5de,1
,,,Số dư nợ đầu kỳ,0.0,0.0,0.0,CÔNG TY TNHH THANH THANH NINH THUẬN,NCC008THANHTHANH,2af7bd53-78e7-482e-a5da-035ac9471777,0.0,a5699c53-8bc6-11f1-9b18-005056b2a5de,,,a556e3ed-8bc6-11f1-9b18-005056b2a5de,40,a5699c17-8bc6-11f1-9b18-005056b2a5de,1
,,,Tổng,,,,CÔNG TY TNHH THANH THANH NINH THUẬN,NCC008THANHTHANH,2af7bd53-78e7-482e-a5da-035ac9471777,0.0,a56a4991-8bc6-11f1-9b18-005056b2a5de,,,a556e3ed-8bc6-11f1-9b18-005056b2a5de,41,a56a4940-8bc6-11f1-9b18-005056b2a5de,1
,,,Số dư nợ đầu kỳ,0.0,0.0,0.0,CÔNG TY TNHH THƯƠNG MẠI XÂY DỰNG - CHẾ BIẾN LÂM SẢN - MỘC - THÀNH LỢI,NCC004MOCTHANHLOI,3092bd0a-fbd1-48a0-a482-be34585bf15f,0.0,a56aa756-8bc6-11f1-9b18-005056b2a5de,,,a556e3ed-8bc6-11f1-9b18-005056b2a5de,42,a56aa731-8bc6-11f1-9b18-005056b2a5de,1
,,,Tổng,,,,CÔNG TY TNHH THƯƠNG MẠI XÂY DỰNG - CHẾ BIẾN LÂM SẢN - MỘC - THÀNH LỢI,NCC004MOCTHANHLOI,3092bd0a-fbd1-48a0-a482-be34585bf15f,0.0,a56b30c9-8bc6-11f1-9b18-005056b2a5de,,,a556e3ed-8bc6-11f1-9b18-005056b2a5de,43,a56b30a6-8bc6-11f1-9b18-005056b2a5de,1
,,,Số dư nợ đầu kỳ,0.0,0.0,0.0,Nguyễn Lê Kim Yến,NCC016MOCTIENPHAT,30ae4d6d-a357-4d34-be6a-fbcf2e0a678f,0.0,a56ba9ef-8bc6-11f1-9b18-005056b2a5de,,,a556e3ed-8bc6-11f1-9b18-005056b2a5de,44,a56ba9cc-8bc6-11f1-9b18-005056b2a5de,1
,,,Tổng,0.0,0.0,,Nguyễn Lê Kim Yến,NCC016MOCTIENPHAT,30ae4d6d-a357-4d34-be6a-fbcf2e0a678f,0.0,a56c6d39-8bc6-11f1-9b18-005056b2a5de,,,a556e3ed-8bc6-11f1-9b18-005056b2a5de,46,a56c6d1a-8bc6-11f1-9b18-005056b2a5de,1
,,,Số dư nợ đầu kỳ,0.0,0.0,0.0,CÔNG TY TNHH TMDV HỒNG OANH NINH THUẬN,NCC042HONGOANH,377192d7-4109-4948-89e4-d96c6f19885b,0.0,a56cea0b-8bc6-11f1-9b18-005056b2a5de,,,a556e3ed-8bc6-11f1-9b18-005056b2a5de,47,a56ce9ed-8bc6-11f1-9b18-005056b2a5de,1
,,,Tổng,0.0,0.0,,CÔNG TY TNHH TMDV HỒNG OANH NINH THUẬN,NCC042HONGOANH,377192d7-4109-4948-89e4-d96c6f19885b,0.0,a56d9d1b-8bc6-11f1-9b18-005056b2a5de,,,a556e3ed-8bc6-11f1-9b18-005056b2a5de,49,a56d9cfb-8bc6-11f1-9b18-005056b2a5de,1
,,,Số dư nợ đầu kỳ,0.0,0.0,0.0,CÔNG TY TNHH CÔNG NGHIỆP THỰC PHẨM LIWAYWAY SÀI GÒN,NCC047LIWAYWAY,40813e79-8255-4edd-aea4-187032865e89,0.0,a56e55ee-8bc6-11f1-9b18-005056b2a5de,,,a556e3ed-8bc6-11f1-9b18-005056b2a5de,50,a56e55cd-8bc6-11f1-9b18-005056b2a5de,1
,,,Tổng,,,,CÔNG TY TNHH CÔNG NGHIỆP THỰC PHẨM LIWAYWAY SÀI GÒN,NCC047LIWAYWAY,40813e79-8255-4edd-aea4-187032865e89,0.0,a56eea01-8bc6-11f1-9b18-005056b2a5de,,,a556e3ed-8bc6-11f1-9b18-005056b2a5de,51,a56ee9e2-8bc6-11f1-9b18-005056b2a5de,1
,,,Số dư nợ đầu kỳ,0.0,0.0,0.0,CÔNG TY TNHH THƯƠNG MẠI HƯNG THỊNH NINH THUẬN,NCC036HUNGTHINH,48ed4931-18e9-4af1-8202-cb3930b8aa72,0.0,a56f35a4-8bc6-11f1-9b18-005056b2a5de,,,a556e3ed-8bc6-11f1-9b18-005056b2a5de,52,a56f3585-8bc6-11f1-9b18-005056b2a5de,1
,,,Tổng,,,,CÔNG TY TNHH THƯƠNG MẠI HƯNG THỊNH NINH THUẬN,NCC036HUNGTHINH,48ed4931-18e9-4af1-8202-cb3930b8aa72,0.0,a56faf4b-8bc6-11f1-9b18-005056b2a5de,,,a556e3ed-8bc6-11f1-9b18-005056b2a5de,53,a56faf2e-8bc6-11f1-9b18-005056b2a5de,1
,,,Số dư nợ đầu kỳ,0.0,0.0,0.0,CÔNG TY CỔ PHẦN SẢN XUẤT VÀ XUẤT KHẨU THỰC PHẨM FANSIPAN,NCC049FANSIPAN,4a971f7b-7e03-41df-91e4-f505c99b6833,0.0,a56ff39e-8bc6-11f1-9b18-005056b2a5de,,,a556e3ed-8bc6-11f1-9b18-005056b2a5de,54,a56ff37d-8bc6-11f1-9b18-005056b2a5de,1
,,,Tổng,,,,CÔNG TY CỔ PHẦN SẢN XUẤT VÀ XUẤT KHẨU THỰC PHẨM FANSIPAN,NCC049FANSIPAN,4a971f7b-7e03-41df-91e4-f505c99b6833,0.0,a5706897-8bc6-11f1-9b18-005056b2a5de,,,a556e3ed-8bc6-11f1-9b18-005056b2a5de,55,a5706873-8bc6-11f1-9b18-005056b2a5de,1
,,,Số dư nợ đầu kỳ,0.0,0.0,-11000.0,CÔNG TY TRÁCH NHIỆM HỮU HẠN LÂM MINH NGUYÊN,NCC015LAMMINHNGUYEN,4b3876eb-cb7f-4ec3-92c0-e4d862f0e0be,-11000.0,a570d8cc-8bc6-11f1-9b18-005056b2a5de,,,a556e3ed-8bc6-11f1-9b18-005056b2a5de,56,a570d8aa-8bc6-11f1-9b18-005056b2a5de,1
,,,Tổng,0.0,0.0,,CÔNG TY TRÁCH NHIỆM HỮU HẠN LÂM MINH NGUYÊN,NCC015LAMMINHNGUYEN,4b3876eb-cb7f-4ec3-92c0-e4d862f0e0be,-11000.0,a571dc90-8bc6-11f1-9b18-005056b2a5de,,,a556e3ed-8bc6-11f1-9b18-005056b2a5de,58,a571dc73-8bc6-11f1-9b18-005056b2a5de,1
,,,Số dư nợ đầu kỳ,0.0,0.0,0.0,CÔNG TY TNHH THƯƠNG MẠI VÀ DỊCH VỤ BẢO TÍN NINH THUẬN,NCC005BAOTIN,505322d8-c81a-4fe3-b380-7db4d69a8e53,0.0,a5724645-8bc6-11f1-9b18-005056b2a5de,,,a556e3ed-8bc6-11f1-9b18-005056b2a5de,59,a5724627-8bc6-11f1-9b18-005056b2a5de,1
,,,Tổng,0.0,0.0,,CÔNG TY TNHH THƯƠNG MẠI VÀ DỊCH VỤ BẢO TÍN NINH THUẬN,NCC005BAOTIN,505322d8-c81a-4fe3-b380-7db4d69a8e53,0.0,a5732dd9-8bc6-11f1-9b18-005056b2a5de,,,a556e3ed-8bc6-11f1-9b18-005056b2a5de,62,a5732da9-8bc6-11f1-9b18-005056b2a5de,1
,,,Số dư nợ đầu kỳ,0.0,0.0,0.0,CÔNG TY TNHH XNK THÀNH PHƯƠNG GROUP,NCC044THANHPHUONG,55feb07f-1e66-4087-b4d4-96d0a0342ea0,0.0,a573a0bf-8bc6-11f1-9b18-005056b2a5de,,,a556e3ed-8bc6-11f1-9b18-005056b2a5de,63,a573a0a1-8bc6-11f1-9b18-005056b2a5de,1
,,,Tổng,0.0,0.0,,CÔNG TY TNHH XNK THÀNH PHƯƠNG GROUP,NCC044THANHPHUONG,55feb07f-1e66-4087-b4d4-96d0a0342ea0,0.0,a5746244-8bc6-11f1-9b18-005056b2a5de,,,a556e3ed-8bc6-11f1-9b18-005056b2a5de,66,a5746228-8bc6-11f1-9b18-005056b2a5de,1
,,,Số dư nợ đầu kỳ,0.0,0.0,0.0,CÔNG TY TNHH CƠ HỘI VÀ THÁCH THỨC,NCC031COHOIVATHACHTHUC,586ab98d-ecb8-47fd-a323-6baeb29ac5ed,0.0,a574b892-8bc6-11f1-9b18-005056b2a5de,,,a556e3ed-8bc6-11f1-9b18-005056b2a5de,67,a574b874-8bc6-11f1-9b18-005056b2a5de,1
,,,Tổng,,,,CÔNG TY TNHH CƠ HỘI VÀ THÁCH THỨC,NCC031COHOIVATHACHTHUC,586ab98d-ecb8-47fd-a323-6baeb29ac5ed,0.0,a5754176-8bc6-11f1-9b18-005056b2a5de,,,a556e3ed-8bc6-11f1-9b18-005056b2a5de,68,a5754159-8bc6-11f1-9b18-005056b2a5de,1
,,,Số dư nợ đầu kỳ,0.0,0.0,0.0,CÔNG TY TRÁCH NHIỆM HỮU HẠN THƯƠNG MẠI SONG PHÁT THỊNH,NCC028SONGPHATTHINH,5ff588fd-1c80-45e9-b228-f2510ac7c7d3,0.0,a575a556-8bc6-11f1-9b18-005056b2a5de,,,a556e3ed-8bc6-11f1-9b18-005056b2a5de,69,a575a539-8bc6-11f1-9b18-005056b2a5de,1
,,,Tổng,0.0,0.0,,CÔNG TY TRÁCH NHIỆM HỮU HẠN THƯƠNG MẠI SONG PHÁT THỊNH,NCC028SONGPHATTHINH,5ff588fd-1c80-45e9-b228-f2510ac7c7d3,0.0,a576d63c-8bc6-11f1-9b18-005056b2a5de,,,a556e3ed-8bc6-11f1-9b18-005056b2a5de,73,a576d611-8bc6-11f1-9b18-005056b2a5de,1
,,,Số dư nợ đầu kỳ,0.0,0.0,3763346.0,CÔNG TY TNHH SẢN XUẤT THƯƠNG MẠI BAO BÌ THÀNH TIẾN,NCC033THANHTIEN,607f0763-9bf3-4278-a87b-616a57f67412,3763346.0,a5772fc2-8bc6-11f1-9b18-005056b2a5de,,,a556e3ed-8bc6-11f1-9b18-005056b2a5de,74,a5772f9d-8bc6-11f1-9b18-005056b2a5de,1
,,,Tổng,,,,CÔNG TY TNHH SẢN XUẤT THƯƠNG MẠI BAO BÌ THÀNH TIẾN,NCC033THANHTIEN,607f0763-9bf3-4278-a87b-616a57f67412,3763346.0,a577f0a1-8bc6-11f1-9b18-005056b2a5de,,,a556e3ed-8bc6-11f1-9b18-005056b2a5de,75,a577f075-8bc6-11f1-9b18-005056b2a5de,1
,,,Số dư nợ đầu kỳ,0.0,0.0,57960.0,CÔNG TY TRÁCH NHIỆM HỮU HẠN THƯƠNG MẠI VÀ DỊCH VỤ TRÚC NGUYÊN,NCC011TRUCNGUYEN,6d8e96f8-d1c3-4ae5-b104-e7878e688b5f,57960.0,a5789108-8bc6-11f1-9b18-005056b2a5de,,,a556e3ed-8bc6-11f1-9b18-005056b2a5de,76,a57890e7-8bc6-11f1-9b18-005056b2a5de,1
,,,Tổng,0.0,0.0,,CÔNG TY TRÁCH NHIỆM HỮU HẠN THƯƠNG MẠI VÀ DỊCH VỤ TRÚC NGUYÊN,NCC011TRUCNGUYEN,6d8e96f8-d1c3-4ae5-b104-e7878e688b5f,57960.0,a579a666-8bc6-11f1-9b18-005056b2a5de,,,a556e3ed-8bc6-11f1-9b18-005056b2a5de,82,a579a648-8bc6-11f1-9b18-005056b2a5de,1
,,,Số dư nợ đầu kỳ,0.0,0.0,0.0,CÔNG TY TNHH ANH PHƯƠNG NINH THUẬN,NCC032ANHPHUONG,7388e5f4-3445-44e0-a2a2-5db5b105cda7,0.0,a57a45d5-8bc6-11f1-9b18-005056b2a5de,,,a556e3ed-8bc6-11f1-9b18-005056b2a5de,83,a57a4586-8bc6-11f1-9b18-005056b2a5de,1
,,,Tổng,,,,CÔNG TY TNHH ANH PHƯƠNG NINH THUẬN,NCC032ANHPHUONG,7388e5f4-3445-44e0-a2a2-5db5b105cda7,0.0,a57b60a4-8bc6-11f1-9b18-005056b2a5de,,,a556e3ed-8bc6-11f1-9b18-005056b2a5de,84,a57b604d-8bc6-11f1-9b18-005056b2a5de,1
,,,Số dư nợ đầu kỳ,0.0,0.0,0.0,CÔNG TY TNHH THIÊN PHÚ PHAN RANG,NCC013THIENPHU,74be5b48-1dd4-45e9-9c6d-f47b6e9dd0d8,0.0,a57bf90f-8bc6-11f1-9b18-005056b2a5de,,,a556e3ed-8bc6-11f1-9b18-005056b2a5de,85,a57bf8e0-8bc6-11f1-9b18-005056b2a5de,1
,,,Tổng,0.0,0.0,,CÔNG TY TNHH THIÊN PHÚ PHAN RANG,NCC013THIENPHU,74be5b48-1dd4-45e9-9c6d-f47b6e9dd0d8,0.0,a57d26e4-8bc6-11f1-9b18-005056b2a5de,,,a556e3ed-8bc6-11f1-9b18-005056b2a5de,89,a57d26b7-8bc6-11f1-9b18-005056b2a5de,1
,,,Số dư nợ đầu kỳ,0.0,0.0,0.0,CÔNG TY TNHH NHÀ PHÂN PHỐI CHÂU THANH LAN,NCC037CHAUTHANHLAN,7d4a79ca-0524-41f5-8b37-6223725e02b8,0.0,a57d74c3-8bc6-11f1-9b18-005056b2a5de,,,a556e3ed-8bc6-11f1-9b18-005056b2a5de,90,a57d74a5-8bc6-11f1-9b18-005056b2a5de,1
,,,Tổng,,,,CÔNG TY TNHH NHÀ PHÂN PHỐI CHÂU THANH LAN,NCC037CHAUTHANHLAN,7d4a79ca-0524-41f5-8b37-6223725e02b8,0.0,a57e0ada-8bc6-11f1-9b18-005056b2a5de,,,a556e3ed-8bc6-11f1-9b18-005056b2a5de,91,a57e0ab6-8bc6-11f1-9b18-005056b2a5de,1
,,,Số dư nợ đầu kỳ,0.0,0.0,0.0,CÔNG TY TNHH PHÂN PHỐI NGUYÊN BÌNH,NCC026NGUYENBINH,809e34c4-f163-41b4-ba8c-0f64401aba74,0.0,a57e6f1e-8bc6-11f1-9b18-005056b2a5de,,,a556e3ed-8bc6-11f1-9b18-005056b2a5de,92,a57e6efb-8bc6-11f1-9b18-005056b2a5de,1
,,,Tổng,,,,CÔNG TY TNHH PHÂN PHỐI NGUYÊN BÌNH,NCC026NGUYENBINH,809e34c4-f163-41b4-ba8c-0f64401aba74,0.0,a57efb4b-8bc6-11f1-9b18-005056b2a5de,,,a556e3ed-8bc6-11f1-9b18-005056b2a5de,93,a57efb27-8bc6-11f1-9b18-005056b2a5de,1
,,,Số dư nợ đầu kỳ,0.0,0.0,0.0,CÔNG TY TNHH TM VÀ DV PHÂN PHỐI CÁT TƯỜNG,NCC002CATTUONG,8a9f6c84-110b-41bf-a6cb-4395d13de244,0.0,a57f5437-8bc6-11f1-9b18-005056b2a5de,,,a556e3ed-8bc6-11f1-9b18-005056b2a5de,94,a57f540f-8bc6-11f1-9b18-005056b2a5de,1
,,,Tổng,,,,CÔNG TY TNHH TM VÀ DV PHÂN PHỐI CÁT TƯỜNG,NCC002CATTUONG,8a9f6c84-110b-41bf-a6cb-4395d13de244,0.0,a5800973-8bc6-11f1-9b18-005056b2a5de,,,a556e3ed-8bc6-11f1-9b18-005056b2a5de,95,a5800942-8bc6-11f1-9b18-005056b2a5de,1
,,,Số dư nợ đầu kỳ,0.0,0.0,0.0,CÔNG TY TRÁCH NHIỆM HỮU HẠN THƯƠNG MẠI VÀ DỊCH VỤ HƯNG PHÚ NINH THUẬN,NCC034HUNGPHUNT,91682cb5-144b-4a36-bf8e-6addbaca31d7,0.0,a5805f07-8bc6-11f1-9b18-005056b2a5de,,,a556e3ed-8bc6-11f1-9b18-005056b2a5de,96,a5805ee1-8bc6-11f1-9b18-005056b2a5de,1
,,,Tổng,,,,CÔNG TY TRÁCH NHIỆM HỮU HẠN THƯƠNG MẠI VÀ DỊCH VỤ HƯNG PHÚ NINH THUẬN,NCC034HUNGPHUNT,91682cb5-144b-4a36-bf8e-6addbaca31d7,0.0,a580fdb3-8bc6-11f1-9b18-005056b2a5de,,,a556e3ed-8bc6-11f1-9b18-005056b2a5de,97,a580fd93-8bc6-11f1-9b18-005056b2a5de,1
,,,Số dư nợ đầu kỳ,0.0,0.0,0.0,CÔNG TY TNHH TM VÀ DV PHÂN PHỐI CÁT TƯỜNG,NCC055CATTUONG,969f1d95-efce-4425-9207-9771c155df87,0.0,a58162f3-8bc6-11f1-9b18-005056b2a5de,,,a556e3ed-8bc6-11f1-9b18-005056b2a5de,98,a58162d4-8bc6-11f1-9b18-005056b2a5de,1
,,,Tổng,0.0,0.0,,CÔNG TY TNHH TM VÀ DV PHÂN PHỐI CÁT TƯỜNG,NCC055CATTUONG,969f1d95-efce-4425-9207-9771c155df87,0.0,a5825f86-8bc6-11f1-9b18-005056b2a5de,,,a556e3ed-8bc6-11f1-9b18-005056b2a5de,100,a5825f51-8bc6-11f1-9b18-005056b2a5de,1
,,,Số dư nợ đầu kỳ,0.0,0.0,480000.0,CÔNG TY TNHH BAMECO,NCC020BAMECO,96b91e8a-6526-42e7-a349-ad362b14ce5f,480000.0,a582e3f5-8bc6-11f1-9b18-005056b2a5de,,,a556e3ed-8bc6-11f1-9b18-005056b2a5de,101,a582e3c7-8bc6-11f1-9b18-005056b2a5de,1
,,,Tổng,0.0,0.0,,CÔNG TY TNHH BAMECO,NCC020BAMECO,96b91e8a-6526-42e7-a349-ad362b14ce5f,480000.0,a583d5ab-8bc6-11f1-9b18-005056b2a5de,,,a556e3ed-8bc6-11f1-9b18-005056b2a5de,105,a583d586-8bc6-11f1-9b18-005056b2a5de,1
,,,Số dư nợ đầu kỳ,0.0,0.0,0.0,CÔNG TY TNHH THƯƠNG MẠI TRƯỜNG PHÁT THÀNH,NCC009TRUONGPHATTHANH,9794fd2d-0a65-4dfe-b5be-d6a249c89dbc,0.0,a5844be7-8bc6-11f1-9b18-005056b2a5de,,,a556e3ed-8bc6-11f1-9b18-005056b2a5de,106,a5844bca-8bc6-11f1-9b18-005056b2a5de,1
,,,Tổng,,,,CÔNG TY TNHH THƯƠNG MẠI TRƯỜNG PHÁT THÀNH,NCC009TRUONGPHATTHANH,9794fd2d-0a65-4dfe-b5be-d6a249c89dbc,0.0,a584f067-8bc6-11f1-9b18-005056b2a5de,,,a556e3ed-8bc6-11f1-9b18-005056b2a5de,107,a584f044-8bc6-11f1-9b18-005056b2a5de,1
,,,Số dư nợ đầu kỳ,0.0,0.0,0.0,CHI NHÁNH CÔNG TY TRÁCH NHIỆM HỮU HẠN THƯƠNG MẠI VÀ DỊCH VỤ SIÊU THỊ AN LẠC TẠI NINH THUẬN,NCC054SieuthiGO,98a5887a-0fc4-4b22-afa9-855019867720,0.0,a5853cf7-8bc6-11f1-9b18-005056b2a5de,,,a556e3ed-8bc6-11f1-9b18-005056b2a5de,108,a5853cda-8bc6-11f1-9b18-005056b2a5de,1
,,,Tổng,,,,CHI NHÁNH CÔNG TY TRÁCH NHIỆM HỮU HẠN THƯƠNG MẠI VÀ DỊCH VỤ SIÊU THỊ AN LẠC TẠI NINH THUẬN,NCC054SieuthiGO,98a5887a-0fc4-4b22-afa9-855019867720,0.0,a585d555-8bc6-11f1-9b18-005056b2a5de,,,a556e3ed-8bc6-11f1-9b18-005056b2a5de,109,a585d534-8bc6-11f1-9b18-005056b2a5de,1
,,,Số dư nợ đầu kỳ,0.0,0.0,0.0,CÔNG TY TNHH THỊNH PHÁT PHAN RANG,NCC024THINHPHAT,9f30adf5-0643-4519-b686-da4fdf18c56c,0.0,a5864058-8bc6-11f1-9b18-005056b2a5de,,,a556e3ed-8bc6-11f1-9b18-005056b2a5de,110,a586403a-8bc6-11f1-9b18-005056b2a5de,1
,,,Tổng,0.0,0.0,,CÔNG TY TNHH THỊNH PHÁT PHAN RANG,NCC024THINHPHAT,9f30adf5-0643-4519-b686-da4fdf18c56c,0.0,a5874519-8bc6-11f1-9b18-005056b2a5de,,,a556e3ed-8bc6-11f1-9b18-005056b2a5de,113,a58744f2-8bc6-11f1-9b18-005056b2a5de,1
,,,Số dư nợ đầu kỳ,0.0,0.0,0.0,CÔNG TY TNHH TMDV UY NHI,NCC040UYNHI,ab8f1cc1-67cd-4ede-86c3-1a736423321c,0.0,a587eba8-8bc6-11f1-9b18-005056b2a5de,,,a556e3ed-8bc6-11f1-9b18-005056b2a5de,114,a587eb40-8bc6-11f1-9b18-005056b2a5de,1
,,,Tổng,,,,CÔNG TY TNHH TMDV UY NHI,NCC040UYNHI,ab8f1cc1-67cd-4ede-86c3-1a736423321c,0.0,a5896c36-8bc6-11f1-9b18-005056b2a5de,,,a556e3ed-8bc6-11f1-9b18-005056b2a5de,115,a5896be0-8bc6-11f1-9b18-005056b2a5de,1
,,,Số dư nợ đầu kỳ,0.0,0.0,0.0,CHI NHÁNH CÔNG TY CỔ PHẦN LƯƠNG THỰC NAM TRUNG BỘ TẠI KHÁNH HÒA,NCC003LUONGTHUC,b6271c93-f583-4f6e-bafe-107841f8dd65,0.0,a58a0e7f-8bc6-11f1-9b18-005056b2a5de,,,a556e3ed-8bc6-11f1-9b18-005056b2a5de,116,a58a0e4e-8bc6-11f1-9b18-005056b2a5de,1
,,,Tổng,,,,CHI NHÁNH CÔNG TY CỔ PHẦN LƯƠNG THỰC NAM TRUNG BỘ TẠI KHÁNH HÒA,NCC003LUONGTHUC,b6271c93-f583-4f6e-bafe-107841f8dd65,0.0,a58ae5ae-8bc6-11f1-9b18-005056b2a5de,,,a556e3ed-8bc6-11f1-9b18-005056b2a5de,117,a58ae581-8bc6-11f1-9b18-005056b2a5de,1
,,,Số dư nợ đầu kỳ,0.0,0.0,0.0,HỘ KINH DOANH CƠ SỞ SẢN XUẤT NƯỚC ĐÁ ỐNG PMP,NCC053NUOCDA PMP,b927f908-b441-49c9-8038-ce449ae6dd09,0.0,a58b53d4-8bc6-11f1-9b18-005056b2a5de,,,a556e3ed-8bc6-11f1-9b18-005056b2a5de,118,a58b53af-8bc6-11f1-9b18-005056b2a5de,1
,,,Tổng,,,,HỘ KINH DOANH CƠ SỞ SẢN XUẤT NƯỚC ĐÁ ỐNG PMP,NCC053NUOCDA PMP,b927f908-b441-49c9-8038-ce449ae6dd09,0.0,a58c0980-8bc6-11f1-9b18-005056b2a5de,,,a556e3ed-8bc6-11f1-9b18-005056b2a5de,119,a58c0956-8bc6-11f1-9b18-005056b2a5de,1
,,,Số dư nợ đầu kỳ,0.0,0.0,0.0,CÔNG TY TNHH THƯƠNG MẠI DỊCH VỤ HẠNH HƯNG PHÚC,NCC021HANHHUNGPHUC,bbbabb77-c716-4512-9e66-8a718041e932,0.0,a58c7f12-8bc6-11f1-9b18-005056b2a5de,,,a556e3ed-8bc6-11f1-9b18-005056b2a5de,120,a58c7ed6-8bc6-11f1-9b18-005056b2a5de,1
,,,Tổng,,,,CÔNG TY TNHH THƯƠNG MẠI DỊCH VỤ HẠNH HƯNG PHÚC,NCC021HANHHUNGPHUC,bbbabb77-c716-4512-9e66-8a718041e932,0.0,a58d713c-8bc6-11f1-9b18-005056b2a5de,,,a556e3ed-8bc6-11f1-9b18-005056b2a5de,121,a58d70fe-8bc6-11f1-9b18-005056b2a5de,1
,,,Số dư nợ đầu kỳ,0.0,0.0,560000.0,CÔNG TY TRÁCH NHIỆM HỮU HẠN THƯƠNG MẠI - DỊCH VU MINH NGA NINH THUẬN,NCC017MINHNGA,bf87b2c9-c364-469d-b853-74d25d61102f,560000.0,a58e069b-8bc6-11f1-9b18-005056b2a5de,,,a556e3ed-8bc6-11f1-9b18-005056b2a5de,122,a58e065e-8bc6-11f1-9b18-005056b2a5de,1
,,,Tổng,0.0,0.0,,CÔNG TY TRÁCH NHIỆM HỮU HẠN THƯƠNG MẠI - DỊCH VU MINH NGA NINH THUẬN,NCC017MINHNGA,bf87b2c9-c364-469d-b853-74d25d61102f,560000.0,a58f9104-8bc6-11f1-9b18-005056b2a5de,,,a556e3ed-8bc6-11f1-9b18-005056b2a5de,125,a58f90a6-8bc6-11f1-9b18-005056b2a5de,1
,,,Số dư nợ đầu kỳ,0.0,0.0,0.0,CÔNG TY TNHH TMDV QUỐC HÙNG CR,NCC052QUOCHUNG,c2e768ac-d312-4280-8a1e-2cf3d7614511,0.0,a5900ca1-8bc6-11f1-9b18-005056b2a5de,,,a556e3ed-8bc6-11f1-9b18-005056b2a5de,126,a5900c76-8bc6-11f1-9b18-005056b2a5de,1
,,,Tổng,,,,CÔNG TY TNHH TMDV QUỐC HÙNG CR,NCC052QUOCHUNG,c2e768ac-d312-4280-8a1e-2cf3d7614511,0.0,a590d005-8bc6-11f1-9b18-005056b2a5de,,,a556e3ed-8bc6-11f1-9b18-005056b2a5de,127,a590cfd7-8bc6-11f1-9b18-005056b2a5de,1
,,,Số dư nợ đầu kỳ,0.0,0.0,332008.0,CÔNG TY TNHH TM – TH– HẢI VY,NCC025HAIVY,c7b04283-944e-4940-9371-6843fc25cfe1,332008.0,a5915fc5-8bc6-11f1-9b18-005056b2a5de,,,a556e3ed-8bc6-11f1-9b18-005056b2a5de,128,a5915f96-8bc6-11f1-9b18-005056b2a5de,1
,,,Tổng,0.0,0.0,,CÔNG TY TNHH TM – TH– HẢI VY,NCC025HAIVY,c7b04283-944e-4940-9371-6843fc25cfe1,332008.0,a5928f9f-8bc6-11f1-9b18-005056b2a5de,,,a556e3ed-8bc6-11f1-9b18-005056b2a5de,133,a5928f6e-8bc6-11f1-9b18-005056b2a5de,1
,,,Số dư nợ đầu kỳ,0.0,0.0,1243125.0,CÔNG TY TNHH MM MEGA MARKET (VIỆT NAM),NCC001MMMEGA,ca3526f6-da07-409d-8daf-993ff484dc27,1243125.0,a592f855-8bc6-11f1-9b18-005056b2a5de,,,a556e3ed-8bc6-11f1-9b18-005056b2a5de,134,a592f82c-8bc6-11f1-9b18-005056b2a5de,1
,,,Tổng,,,,CÔNG TY TNHH MM MEGA MARKET (VIỆT NAM),NCC001MMMEGA,ca3526f6-da07-409d-8daf-993ff484dc27,1243125.0,a593bcfb-8bc6-11f1-9b18-005056b2a5de,,,a556e3ed-8bc6-11f1-9b18-005056b2a5de,135,a593bcc8-8bc6-11f1-9b18-005056b2a5de,1
,,,Số dư nợ đầu kỳ,0.0,0.0,0.0,CÔNG TY TNHH THƯƠNG MẠI DỊCH VỤ PHÂN PHỐI KHANG NHẤT,NCC048KHANGNHAT,cc37dda2-cd80-4a49-a749-ce63190c3de7,0.0,a59413d1-8bc6-11f1-9b18-005056b2a5de,,,a556e3ed-8bc6-11f1-9b18-005056b2a5de,136,a59413ae-8bc6-11f1-9b18-005056b2a5de,1
,,,Tổng,,,,CÔNG TY TNHH THƯƠNG MẠI DỊCH VỤ PHÂN PHỐI KHANG NHẤT,NCC048KHANGNHAT,cc37dda2-cd80-4a49-a749-ce63190c3de7,0.0,a594c346-8bc6-11f1-9b18-005056b2a5de,,,a556e3ed-8bc6-11f1-9b18-005056b2a5de,137,a594c320-8bc6-11f1-9b18-005056b2a5de,1
,,,Số dư nợ đầu kỳ,0.0,0.0,0.0,CÔNG TY TNHH  ECOPAC VIỆT NAM,NCC038ECOPAC,d1454351-af3a-4bc3-8f26-9b0c343b5e5b,0.0,a5953296-8bc6-11f1-9b18-005056b2a5de,,,a556e3ed-8bc6-11f1-9b18-005056b2a5de,138,a5953271-8bc6-11f1-9b18-005056b2a5de,1
,,,Tổng,,,,CÔNG TY TNHH  ECOPAC VIỆT NAM,NCC038ECOPAC,d1454351-af3a-4bc3-8f26-9b0c343b5e5b,0.0,a595fad7-8bc6-11f1-9b18-005056b2a5de,,,a556e3ed-8bc6-11f1-9b18-005056b2a5de,139,a595faa3-8bc6-11f1-9b18-005056b2a5de,1
,,,Số dư nợ đầu kỳ,0.0,0.0,0.0,CÔNG TY TNHH PHƯƠNG HOÀNG VY,NCC018PHUONGHOANGVY,d2787d0b-a4d0-4e90-958a-e2e320b87989,0.0,a5969b08-8bc6-11f1-9b18-005056b2a5de,,,a556e3ed-8bc6-11f1-9b18-005056b2a5de,140,a5969ada-8bc6-11f1-9b18-005056b2a5de,1
,,,Tổng,0.0,0.0,,CÔNG TY TNHH PHƯƠNG HOÀNG VY,NCC018PHUONGHOANGVY,d2787d0b-a4d0-4e90-958a-e2e320b87989,0.0,a598bfe6-8bc6-11f1-9b18-005056b2a5de,,,a556e3ed-8bc6-11f1-9b18-005056b2a5de,143,a598bf99-8bc6-11f1-9b18-005056b2a5de,1
,,,Số dư nợ đầu kỳ,0.0,0.0,0.0,CÔNG TY TNHH TMDV NGỌC MỸ,NCC035NGOCMY,d8452f06-65ec-4fd5-ad00-c923d64f78ec,0.0,a599526f-8bc6-11f1-9b18-005056b2a5de,,,a556e3ed-8bc6-11f1-9b18-005056b2a5de,144,a5995216-8bc6-11f1-9b18-005056b2a5de,1
,,,Tổng,0.0,0.0,,CÔNG TY TNHH TMDV NGỌC MỸ,NCC035NGOCMY,d8452f06-65ec-4fd5-ad00-c923d64f78ec,0.0,a59a90d4-8bc6-11f1-9b18-005056b2a5de,,,a556e3ed-8bc6-11f1-9b18-005056b2a5de,146,a59a90a9-8bc6-11f1-9b18-005056b2a5de,1
,,,Số dư nợ đầu kỳ,0.0,0.0,2310000.0,CÔNG TY TNHH THƯƠNG MẠI - DỊCH VỤ ĐÔNG VÂN,NCC014DONGVAN,db4f71cb-103a-436f-b159-7c984ed075e9,2310000.0,a59b0877-8bc6-11f1-9b18-005056b2a5de,,,a556e3ed-8bc6-11f1-9b18-005056b2a5de,147,a59b0858-8bc6-11f1-9b18-005056b2a5de,1
,,,Tổng,0.0,0.0,,CÔNG TY TNHH THƯƠNG MẠI - DỊCH VỤ ĐÔNG VÂN,NCC014DONGVAN,db4f71cb-103a-436f-b159-7c984ed075e9,2310000.0,a59c0c64-8bc6-11f1-9b18-005056b2a5de,,,a556e3ed-8bc6-11f1-9b18-005056b2a5de,152,a59c0c45-8bc6-11f1-9b18-005056b2a5de,1
,,,Số dư nợ đầu kỳ,0.0,0.0,0.0,CÔNG TY TNHH PHÂN PHỐI HÙNG PHÁT,NCC019HUNGPHAT,db764d64-13c7-4bc6-b47f-cd55f736b80e,0.0,a59cb821-8bc6-11f1-9b18-005056b2a5de,,,a556e3ed-8bc6-11f1-9b18-005056b2a5de,153,a59cb801-8bc6-11f1-9b18-005056b2a5de,1
,,,Tổng,0.0,0.0,,CÔNG TY TNHH PHÂN PHỐI HÙNG PHÁT,NCC019HUNGPHAT,db764d64-13c7-4bc6-b47f-cd55f736b80e,0.0,a59dad2c-8bc6-11f1-9b18-005056b2a5de,,,a556e3ed-8bc6-11f1-9b18-005056b2a5de,158,a59dad0a-8bc6-11f1-9b18-005056b2a5de,1
,,,Số dư nợ đầu kỳ,0.0,0.0,0.0,CÔNG TY TRÁCH NHIỆM HỮU HẠN THƯƠNG MẠI SẢN XUẤT DỊCH VỤ LONG HƯNG,NCC010LONGHUNG,dcd47cee-0ffe-4f87-94f3-337df4de56c2,0.0,a59e1c92-8bc6-11f1-9b18-005056b2a5de,,,a556e3ed-8bc6-11f1-9b18-005056b2a5de,159,a59e1c74-8bc6-11f1-9b18-005056b2a5de,1
,,,Tổng,0.0,0.0,,CÔNG TY TRÁCH NHIỆM HỮU HẠN THƯƠNG MẠI SẢN XUẤT DỊCH VỤ LONG HƯNG,NCC010LONGHUNG,dcd47cee-0ffe-4f87-94f3-337df4de56c2,0.0,a59fd54e-8bc6-11f1-9b18-005056b2a5de,,,a556e3ed-8bc6-11f1-9b18-005056b2a5de,162,a59fd522-8bc6-11f1-9b18-005056b2a5de,1
,,,Số dư nợ đầu kỳ,0.0,0.0,0.0,CHI NHÁNH CÔNG TY CỔ PHẦN THƯƠNG MẠI DỊCH VỤ SẢN XUẤT HƯƠNG THỦY,NCC043HUONGTHUY,e18129d6-d54b-4a1a-bb20-c9a920051df5,0.0,a5a08ced-8bc6-11f1-9b18-005056b2a5de,,,a556e3ed-8bc6-11f1-9b18-005056b2a5de,163,a5a08c70-8bc6-11f1-9b18-005056b2a5de,1
,,,Tổng,,,,CHI NHÁNH CÔNG TY CỔ PHẦN THƯƠNG MẠI DỊCH VỤ SẢN XUẤT HƯƠNG THỦY,NCC043HUONGTHUY,e18129d6-d54b-4a1a-bb20-c9a920051df5,0.0,a5a1f34d-8bc6-11f1-9b18-005056b2a5de,,,a556e3ed-8bc6-11f1-9b18-005056b2a5de,164,a5a1f2ff-8bc6-11f1-9b18-005056b2a5de,1
,,,Số dư nợ đầu kỳ,0.0,0.0,0.0,CÔNG TY TNHH SẢN XUẤT - THƯƠNG MẠI - DỊCH VỤ  BATRAFOCO,NCC029BATRAFOODCO,f9b3bc16-4b52-4ba7-9fec-943da7d00d85,0.0,a5a293a1-8bc6-11f1-9b18-005056b2a5de,,,a556e3ed-8bc6-11f1-9b18-005056b2a5de,165,a5a2935d-8bc6-11f1-9b18-005056b2a5de,1
,,,Tổng,,,,CÔNG TY TNHH SẢN XUẤT - THƯƠNG MẠI - DỊCH VỤ  BATRAFOCO,NCC029BATRAFOODCO,f9b3bc16-4b52-4ba7-9fec-943da7d00d85,0.0,a5a3749f-8bc6-11f1-9b18-005056b2a5de,,,a556e3ed-8bc6-11f1-9b18-005056b2a5de,166,a5a37470-8bc6-11f1-9b18-005056b2a5de,1
,,,Số dư nợ đầu kỳ,0.0,0.0,1561600.0,CÔNG TY TRÁCH NHIỆM HỮU HẠN THƯƠNG MẠI VÀ DỊCH VỤ TRÚC NHI,NCC006TRUCNHI,fb21997b-58fa-43cd-bfcc-67d858757375,1561600.0,a5a41af7-8bc6-11f1-9b18-005056b2a5de,,,a556e3ed-8bc6-11f1-9b18-005056b2a5de,167,a5a41ad3-8bc6-11f1-9b18-005056b2a5de,1
,,,Tổng,0.0,0.0,,CÔNG TY TRÁCH NHIỆM HỮU HẠN THƯƠNG MẠI VÀ DỊCH VỤ TRÚC NHI,NCC006TRUCNHI,fb21997b-58fa-43cd-bfcc-67d858757375,1561600.0,a5a551af-8bc6-11f1-9b18-005056b2a5de,,,a556e3ed-8bc6-11f1-9b18-005056b2a5de,175,a5a55189-8bc6-11f1-9b18-005056b2a5de,1
,,,Số dư nợ đầu kỳ,0.0,0.0,0.0,CÔNG TY TNHH THƯƠNG MẠI DỊCH VỤ XUẤT NHẬP KHẨU PHÚ QUÝ GROUP,NCC041PHUQUY,fda60d91-77f7-4907-a767-830367957227,0.0,a5a5cb98-8bc6-11f1-9b18-005056b2a5de,,,a556e3ed-8bc6-11f1-9b18-005056b2a5de,176,a5a5cb79-8bc6-11f1-9b18-005056b2a5de,1
,,,Tổng,,,,CÔNG TY TNHH THƯƠNG MẠI DỊCH VỤ XUẤT NHẬP KHẨU PHÚ QUÝ GROUP,NCC041PHUQUY,fda60d91-77f7-4907-a767-830367957227,0.0,a5a70f33-8bc6-11f1-9b18-005056b2a5de,,,a556e3ed-8bc6-11f1-9b18-005056b2a5de,177,a5a70eee-8bc6-11f1-9b18-005056b2a5de,1
,,,Số dư nợ đầu kỳ,0.0,0.0,0.0,CÔNG TY TRÁCH NHIỆM HỮU HẠN THƯƠNG MẠI TỔNG HỢP THỰC PHẨM QUỐC KHÁNH,NCC012QUOCKHANH,01eed446-dba0-441c-83e1-62e83a04f605,0.0,c40ba0af-8bd7-11f1-9b18-005056b2a5de,,,c3dc9296-8bd7-11f1-9b18-005056b2a5de,1,c40ba055-8bd7-11f1-9b18-005056b2a5de,1
,,,Tổng,,,,CÔNG TY TRÁCH NHIỆM HỮU HẠN THƯƠNG MẠI TỔNG HỢP THỰC PHẨM QUỐC KHÁNH,NCC012QUOCKHANH,01eed446-dba0-441c-83e1-62e83a04f605,0.0,c40c4e5a-8bd7-11f1-9b18-005056b2a5de,,,c3dc9296-8bd7-11f1-9b18-005056b2a5de,2,c40c4e24-8bd7-11f1-9b18-005056b2a5de,1
,,,Số dư nợ đầu kỳ,0.0,0.0,0.0,CHI NHÁNH CÔNG TY TNHH THƯƠNG MẠI ĐẮC HƯNG TẠI NINH THUẬN,NCC007DACHUNG,0206a6c4-c344-40cb-99e7-d52df26fd7f1,0.0,c40cc388-8bd7-11f1-9b18-005056b2a5de,,,c3dc9296-8bd7-11f1-9b18-005056b2a5de,3,c40cc352-8bd7-11f1-9b18-005056b2a5de,1
,,,Tổng,,,,CHI NHÁNH CÔNG TY TNHH THƯƠNG MẠI ĐẮC HƯNG TẠI NINH THUẬN,NCC007DACHUNG,0206a6c4-c344-40cb-99e7-d52df26fd7f1,0.0,c40d3a92-8bd7-11f1-9b18-005056b2a5de,,,c3dc9296-8bd7-11f1-9b18-005056b2a5de,4,c40d3a5d-8bd7-11f1-9b18-005056b2a5de,1
,,,Số dư nợ đầu kỳ,0.0,0.0,1392000.0,CÔNG TY TNHH THƯƠNG MẠI TƯỜNG LAM,NCC039TUONGLAM,0475d7d3-8104-44d2-985a-c064b37b6c80,1392000.0,c40d953b-8bd7-11f1-9b18-005056b2a5de,,,c3dc9296-8bd7-11f1-9b18-005056b2a5de,5,c40d9516-8bd7-11f1-9b18-005056b2a5de,1
,,,Tổng,,,,CÔNG TY TNHH THƯƠNG MẠI TƯỜNG LAM,NCC039TUONGLAM,0475d7d3-8104-44d2-985a-c064b37b6c80,1392000.0,c40e1847-8bd7-11f1-9b18-005056b2a5de,,,c3dc9296-8bd7-11f1-9b18-005056b2a5de,6,c40e1824-8bd7-11f1-9b18-005056b2a5de,1
,,,Số dư nợ đầu kỳ,0.0,0.0,0.0,CÔNG TY TNHH SẢN XUẤT THƯƠNG MẠI VÀ DỊCH VỤ BỎNG GẠO,NCC045BONGGAO,06d9117c-3767-4cfd-b867-a75eeb597546,0.0,c40e6d2f-8bd7-11f1-9b18-005056b2a5de,,,c3dc9296-8bd7-11f1-9b18-005056b2a5de,7,c40e6cea-8bd7-11f1-9b18-005056b2a5de,1
,,,Tổng,,,,CÔNG TY TNHH SẢN XUẤT THƯƠNG MẠI VÀ DỊCH VỤ BỎNG GẠO,NCC045BONGGAO,06d9117c-3767-4cfd-b867-a75eeb597546,0.0,c40ee7df-8bd7-11f1-9b18-005056b2a5de,,,c3dc9296-8bd7-11f1-9b18-005056b2a5de,8,c40ee7bb-8bd7-11f1-9b18-005056b2a5de,1
,,,Số dư nợ đầu kỳ,0.0,0.0,0.0,CÔNG TY TNHH PHÁT TƯỜNG AN,NCC023PHATTUONGAN,0e33db0a-cbe4-4828-bc0c-22970cb304d8,0.0,c40f516c-8bd7-11f1-9b18-005056b2a5de,,,c3dc9296-8bd7-11f1-9b18-005056b2a5de,9,c40f514b-8bd7-11f1-9b18-005056b2a5de,1
,,,Tổng,,,,CÔNG TY TNHH PHÁT TƯỜNG AN,NCC023PHATTUONGAN,0e33db0a-cbe4-4828-bc0c-22970cb304d8,0.0,c40fcdbb-8bd7-11f1-9b18-005056b2a5de,,,c3dc9296-8bd7-11f1-9b18-005056b2a5de,10,c40fcd9f-8bd7-11f1-9b18-005056b2a5de,1
,,,Số dư nợ đầu kỳ,0.0,0.0,0.0,CÔNG TY TNHH THƯƠNG MẠI ĐẮC HƯNG,NCC050DACHUNG,0f46b1b9-6f5f-4cbd-b130-093b2a099422,0.0,c41029a8-8bd7-11f1-9b18-005056b2a5de,,,c3dc9296-8bd7-11f1-9b18-005056b2a5de,11,c410297f-8bd7-11f1-9b18-005056b2a5de,1
,,,Tổng,,,,CÔNG TY TNHH THƯƠNG MẠI ĐẮC HƯNG,NCC050DACHUNG,0f46b1b9-6f5f-4cbd-b130-093b2a099422,0.0,c410d05b-8bd7-11f1-9b18-005056b2a5de,,,c3dc9296-8bd7-11f1-9b18-005056b2a5de,12,c410d004-8bd7-11f1-9b18-005056b2a5de,1
,,,Số dư nợ đầu kỳ,0.0,0.0,0.0,CÔNG TY TNHH THƯƠNG MẠI XÂY DỰNG - CHẾ BIẾN LÂM SẢN - MỘC - THÀNH LỢI,NCC027THANHLOI,11ec3962-3823-4ab6-b641-276ebe8e0d23,0.0,c411c1ba-8bd7-11f1-9b18-005056b2a5de,,,c3dc9296-8bd7-11f1-9b18-005056b2a5de,13,c411c159-8bd7-11f1-9b18-005056b2a5de,1
,,,Tổng,,,,CÔNG TY TNHH THƯƠNG MẠI XÂY DỰNG - CHẾ BIẾN LÂM SẢN - MỘC - THÀNH LỢI,NCC027THANHLOI,11ec3962-3823-4ab6-b641-276ebe8e0d23,0.0,c4128619-8bd7-11f1-9b18-005056b2a5de,,,c3dc9296-8bd7-11f1-9b18-005056b2a5de,14,c41285de-8bd7-11f1-9b18-005056b2a5de,1
,,,Số dư nợ đầu kỳ,0.0,0.0,0.0,CÔNG TY TNHH PHÂN PHỐI NGUYÊN BÌNH,NCC030NGUYENBINH,131f7d6f-8ae3-4ce8-949e-ea847475c9f3,0.0,c412dfd7-8bd7-11f1-9b18-005056b2a5de,,,c3dc9296-8bd7-11f1-9b18-005056b2a5de,15,c412dfa3-8bd7-11f1-9b18-005056b2a5de,1
,,,Tổng,,,,CÔNG TY TNHH PHÂN PHỐI NGUYÊN BÌNH,NCC030NGUYENBINH,131f7d6f-8ae3-4ce8-949e-ea847475c9f3,0.0,c4136daa-8bd7-11f1-9b18-005056b2a5de,,,c3dc9296-8bd7-11f1-9b18-005056b2a5de,16,c4136d74-8bd7-11f1-9b18-005056b2a5de,1
,,,Số dư nợ đầu kỳ,0.0,0.0,3087384.0,CÔNG TY TNHH DƯỢC PHẨM - THƯƠNG MẠI THY THY,NCC022THYTHY,1696ed98-99df-4284-b34b-2adf9ebeb2e9,3087384.0,c41420af-8bd7-11f1-9b18-005056b2a5de,,,c3dc9296-8bd7-11f1-9b18-005056b2a5de,17,c414208a-8bd7-11f1-9b18-005056b2a5de,1
,,,Tổng,,,,CÔNG TY TNHH DƯỢC PHẨM - THƯƠNG MẠI THY THY,NCC022THYTHY,1696ed98-99df-4284-b34b-2adf9ebeb2e9,3087384.0,c414b44b-8bd7-11f1-9b18-005056b2a5de,,,c3dc9296-8bd7-11f1-9b18-005056b2a5de,18,c414b427-8bd7-11f1-9b18-005056b2a5de,1
,,,Số dư nợ đầu kỳ,0.0,0.0,0.0,HỘ KINH DOANH QUỐC TUÂN,NCC051QUOCTUAN,23cfbada-5d52-4908-b698-32fa9f144b6d,0.0,c41521ee-8bd7-11f1-9b18-005056b2a5de,,,c3dc9296-8bd7-11f1-9b18-005056b2a5de,19,c41521d0-8bd7-11f1-9b18-005056b2a5de,1
,,,Tổng,,,,HỘ KINH DOANH QUỐC TUÂN,NCC051QUOCTUAN,23cfbada-5d52-4908-b698-32fa9f144b6d,0.0,c41579af-8bd7-11f1-9b18-005056b2a5de,,,c3dc9296-8bd7-11f1-9b18-005056b2a5de,20,c4157992-8bd7-11f1-9b18-005056b2a5de,1
,,,Số dư nợ đầu kỳ,0.0,0.0,0.0,"CHI NHÁNH CÔNG TY CỔ PHẦN SẢN XUẤT, THƯƠNG MẠI VÀ DỊCH VỤ PHÚC THỊNH",NCC046PHUCTHINH,2645fb63-ca5b-435d-b333-910ee955240b,0.0,c415d4e3-8bd7-11f1-9b18-005056b2a5de,,,c3dc9296-8bd7-11f1-9b18-005056b2a5de,21,c415d4c7-8bd7-11f1-9b18-005056b2a5de,1
,,,Tổng,,,,"CHI NHÁNH CÔNG TY CỔ PHẦN SẢN XUẤT, THƯƠNG MẠI VÀ DỊCH VỤ PHÚC THỊNH",NCC046PHUCTHINH,2645fb63-ca5b-435d-b333-910ee955240b,0.0,c4163e7b-8bd7-11f1-9b18-005056b2a5de,,,c3dc9296-8bd7-11f1-9b18-005056b2a5de,22,c4163e5f-8bd7-11f1-9b18-005056b2a5de,1
,,,Số dư nợ đầu kỳ,0.0,0.0,0.0,CÔNG TY TRÁCH NHIỆM HỮU HẠN THƯƠNG MẠI VÀ DỊCH VỤ PHƯỢNG ĐỊNH,NCC056PHUONGDINH,2806e851-37a0-41fc-87d5-19b1f2d78fbf,0.0,c4168b03-8bd7-11f1-9b18-005056b2a5de,,,c3dc9296-8bd7-11f1-9b18-005056b2a5de,23,c4168ae6-8bd7-11f1-9b18-005056b2a5de,1
,,,Tổng,,,,CÔNG TY TRÁCH NHIỆM HỮU HẠN THƯƠNG MẠI VÀ DỊCH VỤ PHƯỢNG ĐỊNH,NCC056PHUONGDINH,2806e851-37a0-41fc-87d5-19b1f2d78fbf,0.0,c4170b5f-8bd7-11f1-9b18-005056b2a5de,,,c3dc9296-8bd7-11f1-9b18-005056b2a5de,24,c4170b41-8bd7-11f1-9b18-005056b2a5de,1
,,,Số dư nợ đầu kỳ,0.0,0.0,0.0,CÔNG TY TNHH THANH THANH NINH THUẬN,NCC008THANHTHANH,2af7bd53-78e7-482e-a5da-035ac9471777,0.0,c417756d-8bd7-11f1-9b18-005056b2a5de,,,c3dc9296-8bd7-11f1-9b18-005056b2a5de,25,c417754f-8bd7-11f1-9b18-005056b2a5de,1
,,,Tổng,,,,CÔNG TY TNHH THANH THANH NINH THUẬN,NCC008THANHTHANH,2af7bd53-78e7-482e-a5da-035ac9471777,0.0,c417dec9-8bd7-11f1-9b18-005056b2a5de,,,c3dc9296-8bd7-11f1-9b18-005056b2a5de,26,c417dea7-8bd7-11f1-9b18-005056b2a5de,1
,,,Số dư nợ đầu kỳ,0.0,0.0,0.0,CÔNG TY TNHH THƯƠNG MẠI XÂY DỰNG - CHẾ BIẾN LÂM SẢN - MỘC - THÀNH LỢI,NCC004MOCTHANHLOI,3092bd0a-fbd1-48a0-a482-be34585bf15f,0.0,c4185cd3-8bd7-11f1-9b18-005056b2a5de,,,c3dc9296-8bd7-11f1-9b18-005056b2a5de,27,c4185cb2-8bd7-11f1-9b18-005056b2a5de,1
,,,Tổng,,,,CÔNG TY TNHH THƯƠNG MẠI XÂY DỰNG - CHẾ BIẾN LÂM SẢN - MỘC - THÀNH LỢI,NCC004MOCTHANHLOI,3092bd0a-fbd1-48a0-a482-be34585bf15f,0.0,c418c8d5-8bd7-11f1-9b18-005056b2a5de,,,c3dc9296-8bd7-11f1-9b18-005056b2a5de,28,c418c8b5-8bd7-11f1-9b18-005056b2a5de,1
,,,Số dư nợ đầu kỳ,0.0,0.0,0.0,Nguyễn Lê Kim Yến,NCC016MOCTIENPHAT,30ae4d6d-a357-4d34-be6a-fbcf2e0a678f,0.0,c419422c-8bd7-11f1-9b18-005056b2a5de,,,c3dc9296-8bd7-11f1-9b18-005056b2a5de,29,c4194207-8bd7-11f1-9b18-005056b2a5de,1
,,,Tổng,,,,Nguyễn Lê Kim Yến,NCC016MOCTIENPHAT,30ae4d6d-a357-4d34-be6a-fbcf2e0a678f,0.0,c419c7c1-8bd7-11f1-9b18-005056b2a5de,,,c3dc9296-8bd7-11f1-9b18-005056b2a5de,30,c419c79e-8bd7-11f1-9b18-005056b2a5de,1
,,,Số dư nợ đầu kỳ,0.0,0.0,0.0,CÔNG TY TNHH TMDV HỒNG OANH NINH THUẬN,NCC042HONGOANH,377192d7-4109-4948-89e4-d96c6f19885b,0.0,c41a26b8-8bd7-11f1-9b18-005056b2a5de,,,c3dc9296-8bd7-11f1-9b18-005056b2a5de,31,c41a2434-8bd7-11f1-9b18-005056b2a5de,1
,,,Tổng,,,,CÔNG TY TNHH TMDV HỒNG OANH NINH THUẬN,NCC042HONGOANH,377192d7-4109-4948-89e4-d96c6f19885b,0.0,c41ac17d-8bd7-11f1-9b18-005056b2a5de,,,c3dc9296-8bd7-11f1-9b18-005056b2a5de,32,c41ac15d-8bd7-11f1-9b18-005056b2a5de,1
,,,Số dư nợ đầu kỳ,0.0,0.0,0.0,CÔNG TY TNHH CÔNG NGHIỆP THỰC PHẨM LIWAYWAY SÀI GÒN,NCC047LIWAYWAY,40813e79-8255-4edd-aea4-187032865e89,0.0,c41b3f28-8bd7-11f1-9b18-005056b2a5de,,,c3dc9296-8bd7-11f1-9b18-005056b2a5de,33,c41b3f0b-8bd7-11f1-9b18-005056b2a5de,1
,,,Tổng,,,,CÔNG TY TNHH CÔNG NGHIỆP THỰC PHẨM LIWAYWAY SÀI GÒN,NCC047LIWAYWAY,40813e79-8255-4edd-aea4-187032865e89,0.0,c41bad66-8bd7-11f1-9b18-005056b2a5de,,,c3dc9296-8bd7-11f1-9b18-005056b2a5de,34,c41bad46-8bd7-11f1-9b18-005056b2a5de,1
,,,Số dư nợ đầu kỳ,0.0,0.0,0.0,CÔNG TY TNHH THƯƠNG MẠI HƯNG THỊNH NINH THUẬN,NCC036HUNGTHINH,48ed4931-18e9-4af1-8202-cb3930b8aa72,0.0,c41c0474-8bd7-11f1-9b18-005056b2a5de,,,c3dc9296-8bd7-11f1-9b18-005056b2a5de,35,c41c0454-8bd7-11f1-9b18-005056b2a5de,1
,,,Tổng,,,,CÔNG TY TNHH THƯƠNG MẠI HƯNG THỊNH NINH THUẬN,NCC036HUNGTHINH,48ed4931-18e9-4af1-8202-cb3930b8aa72,0.0,c41c8ca3-8bd7-11f1-9b18-005056b2a5de,,,c3dc9296-8bd7-11f1-9b18-005056b2a5de,36,c41c8c77-8bd7-11f1-9b18-005056b2a5de,1
,,,Số dư nợ đầu kỳ,0.0,0.0,0.0,CÔNG TY CỔ PHẦN SẢN XUẤT VÀ XUẤT KHẨU THỰC PHẨM FANSIPAN,NCC049FANSIPAN,4a971f7b-7e03-41df-91e4-f505c99b6833,0.0,c41ceb51-8bd7-11f1-9b18-005056b2a5de,,,c3dc9296-8bd7-11f1-9b18-005056b2a5de,37,c41ceb2a-8bd7-11f1-9b18-005056b2a5de,1
,,,Tổng,,,,CÔNG TY CỔ PHẦN SẢN XUẤT VÀ XUẤT KHẨU THỰC PHẨM FANSIPAN,NCC049FANSIPAN,4a971f7b-7e03-41df-91e4-f505c99b6833,0.0,c41d622c-8bd7-11f1-9b18-005056b2a5de,,,c3dc9296-8bd7-11f1-9b18-005056b2a5de,38,c41d620a-8bd7-11f1-9b18-005056b2a5de,1
,,,Số dư nợ đầu kỳ,0.0,0.0,-11000.0,CÔNG TY TRÁCH NHIỆM HỮU HẠN LÂM MINH NGUYÊN,NCC015LAMMINHNGUYEN,4b3876eb-cb7f-4ec3-92c0-e4d862f0e0be,-11000.0,c41db995-8bd7-11f1-9b18-005056b2a5de,,,c3dc9296-8bd7-11f1-9b18-005056b2a5de,39,c41db975-8bd7-11f1-9b18-005056b2a5de,1
,,,Tổng,,,,CÔNG TY TRÁCH NHIỆM HỮU HẠN LÂM MINH NGUYÊN,NCC015LAMMINHNGUYEN,4b3876eb-cb7f-4ec3-92c0-e4d862f0e0be,-11000.0,c41e2923-8bd7-11f1-9b18-005056b2a5de,,,c3dc9296-8bd7-11f1-9b18-005056b2a5de,40,c41e2904-8bd7-11f1-9b18-005056b2a5de,1
,,,Số dư nợ đầu kỳ,0.0,0.0,0.0,CÔNG TY TNHH THƯƠNG MẠI VÀ DỊCH VỤ BẢO TÍN NINH THUẬN,NCC005BAOTIN,505322d8-c81a-4fe3-b380-7db4d69a8e53,0.0,c41e8725-8bd7-11f1-9b18-005056b2a5de,,,c3dc9296-8bd7-11f1-9b18-005056b2a5de,41,c41e8706-8bd7-11f1-9b18-005056b2a5de,1
,,,Tổng,,,,CÔNG TY TNHH THƯƠNG MẠI VÀ DỊCH VỤ BẢO TÍN NINH THUẬN,NCC005BAOTIN,505322d8-c81a-4fe3-b380-7db4d69a8e53,0.0,c41f0354-8bd7-11f1-9b18-005056b2a5de,,,c3dc9296-8bd7-11f1-9b18-005056b2a5de,42,c41f0338-8bd7-11f1-9b18-005056b2a5de,1
,,,Số dư nợ đầu kỳ,0.0,0.0,0.0,CÔNG TY TNHH XNK THÀNH PHƯƠNG GROUP,NCC044THANHPHUONG,55feb07f-1e66-4087-b4d4-96d0a0342ea0,0.0,c41f8039-8bd7-11f1-9b18-005056b2a5de,,,c3dc9296-8bd7-11f1-9b18-005056b2a5de,43,c41f8015-8bd7-11f1-9b18-005056b2a5de,1
,,,Tổng,,,,CÔNG TY TNHH XNK THÀNH PHƯƠNG GROUP,NCC044THANHPHUONG,55feb07f-1e66-4087-b4d4-96d0a0342ea0,0.0,c41ff306-8bd7-11f1-9b18-005056b2a5de,,,c3dc9296-8bd7-11f1-9b18-005056b2a5de,44,c41ff2e5-8bd7-11f1-9b18-005056b2a5de,1
,,,Số dư nợ đầu kỳ,0.0,0.0,0.0,CÔNG TY TNHH CƠ HỘI VÀ THÁCH THỨC,NCC031COHOIVATHACHTHUC,586ab98d-ecb8-47fd-a323-6baeb29ac5ed,0.0,c42057b8-8bd7-11f1-9b18-005056b2a5de,,,c3dc9296-8bd7-11f1-9b18-005056b2a5de,45,c420578c-8bd7-11f1-9b18-005056b2a5de,1
,,,Tổng,,,,CÔNG TY TNHH CƠ HỘI VÀ THÁCH THỨC,NCC031COHOIVATHACHTHUC,586ab98d-ecb8-47fd-a323-6baeb29ac5ed,0.0,c420e5ab-8bd7-11f1-9b18-005056b2a5de,,,c3dc9296-8bd7-11f1-9b18-005056b2a5de,46,c420e585-8bd7-11f1-9b18-005056b2a5de,1
,,,Số dư nợ đầu kỳ,0.0,0.0,0.0,CÔNG TY TRÁCH NHIỆM HỮU HẠN THƯƠNG MẠI SONG PHÁT THỊNH,NCC028SONGPHATTHINH,5ff588fd-1c80-45e9-b228-f2510ac7c7d3,0.0,c4215e7a-8bd7-11f1-9b18-005056b2a5de,,,c3dc9296-8bd7-11f1-9b18-005056b2a5de,47,c4215e51-8bd7-11f1-9b18-005056b2a5de,1
,,,Tổng,,,,CÔNG TY TRÁCH NHIỆM HỮU HẠN THƯƠNG MẠI SONG PHÁT THỊNH,NCC028SONGPHATTHINH,5ff588fd-1c80-45e9-b228-f2510ac7c7d3,0.0,c421daaa-8bd7-11f1-9b18-005056b2a5de,,,c3dc9296-8bd7-11f1-9b18-005056b2a5de,48,c421da80-8bd7-11f1-9b18-005056b2a5de,1
,,,Số dư nợ đầu kỳ,0.0,0.0,3763346.0,CÔNG TY TNHH SẢN XUẤT THƯƠNG MẠI BAO BÌ THÀNH TIẾN,NCC033THANHTIEN,607f0763-9bf3-4278-a87b-616a57f67412,3763346.0,c42232d0-8bd7-11f1-9b18-005056b2a5de,,,c3dc9296-8bd7-11f1-9b18-005056b2a5de,49,c42232b2-8bd7-11f1-9b18-005056b2a5de,1
,,,Tổng,,,,CÔNG TY TNHH SẢN XUẤT THƯƠNG MẠI BAO BÌ THÀNH TIẾN,NCC033THANHTIEN,607f0763-9bf3-4278-a87b-616a57f67412,3763346.0,c422c06d-8bd7-11f1-9b18-005056b2a5de,,,c3dc9296-8bd7-11f1-9b18-005056b2a5de,50,c422c04f-8bd7-11f1-9b18-005056b2a5de,1
,,,Số dư nợ đầu kỳ,0.0,0.0,57960.0,CÔNG TY TRÁCH NHIỆM HỮU HẠN THƯƠNG MẠI VÀ DỊCH VỤ TRÚC NGUYÊN,NCC011TRUCNGUYEN,6d8e96f8-d1c3-4ae5-b104-e7878e688b5f,57960.0,c4234ab5-8bd7-11f1-9b18-005056b2a5de,,,c3dc9296-8bd7-11f1-9b18-005056b2a5de,51,c4234a96-8bd7-11f1-9b18-005056b2a5de,1
,,,Tổng,,,,CÔNG TY TRÁCH NHIỆM HỮU HẠN THƯƠNG MẠI VÀ DỊCH VỤ TRÚC NGUYÊN,NCC011TRUCNGUYEN,6d8e96f8-d1c3-4ae5-b104-e7878e688b5f,57960.0,c423d1d6-8bd7-11f1-9b18-005056b2a5de,,,c3dc9296-8bd7-11f1-9b18-005056b2a5de,52,c423d1b8-8bd7-11f1-9b18-005056b2a5de,1
,,,Số dư nợ đầu kỳ,0.0,0.0,0.0,CÔNG TY TNHH ANH PHƯƠNG NINH THUẬN,NCC032ANHPHUONG,7388e5f4-3445-44e0-a2a2-5db5b105cda7,0.0,c42442f1-8bd7-11f1-9b18-005056b2a5de,,,c3dc9296-8bd7-11f1-9b18-005056b2a5de,53,c42442d2-8bd7-11f1-9b18-005056b2a5de,1
,,,Tổng,,,,CÔNG TY TNHH ANH PHƯƠNG NINH THUẬN,NCC032ANHPHUONG,7388e5f4-3445-44e0-a2a2-5db5b105cda7,0.0,c424c3bf-8bd7-11f1-9b18-005056b2a5de,,,c3dc9296-8bd7-11f1-9b18-005056b2a5de,54,c424c3a2-8bd7-11f1-9b18-005056b2a5de,1
,,,Số dư nợ đầu kỳ,0.0,0.0,0.0,CÔNG TY TNHH THIÊN PHÚ PHAN RANG,NCC013THIENPHU,74be5b48-1dd4-45e9-9c6d-f47b6e9dd0d8,0.0,c4252d70-8bd7-11f1-9b18-005056b2a5de,,,c3dc9296-8bd7-11f1-9b18-005056b2a5de,55,c4252d40-8bd7-11f1-9b18-005056b2a5de,1
,,,Tổng,,,,CÔNG TY TNHH THIÊN PHÚ PHAN RANG,NCC013THIENPHU,74be5b48-1dd4-45e9-9c6d-f47b6e9dd0d8,0.0,c425bc43-8bd7-11f1-9b18-005056b2a5de,,,c3dc9296-8bd7-11f1-9b18-005056b2a5de,56,c425bc21-8bd7-11f1-9b18-005056b2a5de,1
,,,Số dư nợ đầu kỳ,0.0,0.0,0.0,CÔNG TY TNHH NHÀ PHÂN PHỐI CHÂU THANH LAN,NCC037CHAUTHANHLAN,7d4a79ca-0524-41f5-8b37-6223725e02b8,0.0,c4261df7-8bd7-11f1-9b18-005056b2a5de,,,c3dc9296-8bd7-11f1-9b18-005056b2a5de,57,c4261dd3-8bd7-11f1-9b18-005056b2a5de,1
,,,Tổng,,,,CÔNG TY TNHH NHÀ PHÂN PHỐI CHÂU THANH LAN,NCC037CHAUTHANHLAN,7d4a79ca-0524-41f5-8b37-6223725e02b8,0.0,c42693a1-8bd7-11f1-9b18-005056b2a5de,,,c3dc9296-8bd7-11f1-9b18-005056b2a5de,58,c4269380-8bd7-11f1-9b18-005056b2a5de,1
,,,Số dư nợ đầu kỳ,0.0,0.0,0.0,CÔNG TY TNHH PHÂN PHỐI NGUYÊN BÌNH,NCC026NGUYENBINH,809e34c4-f163-41b4-ba8c-0f64401aba74,0.0,c426d8f7-8bd7-11f1-9b18-005056b2a5de,,,c3dc9296-8bd7-11f1-9b18-005056b2a5de,59,c426d8cd-8bd7-11f1-9b18-005056b2a5de,1
,,,Tổng,,,,CÔNG TY TNHH PHÂN PHỐI NGUYÊN BÌNH,NCC026NGUYENBINH,809e34c4-f163-41b4-ba8c-0f64401aba74,0.0,c4275c69-8bd7-11f1-9b18-005056b2a5de,,,c3dc9296-8bd7-11f1-9b18-005056b2a5de,60,c4275c47-8bd7-11f1-9b18-005056b2a5de,1
,,,Số dư nợ đầu kỳ,0.0,0.0,0.0,CÔNG TY TNHH TM VÀ DV PHÂN PHỐI CÁT TƯỜNG,NCC002CATTUONG,8a9f6c84-110b-41bf-a6cb-4395d13de244,0.0,c427b69e-8bd7-11f1-9b18-005056b2a5de,,,c3dc9296-8bd7-11f1-9b18-005056b2a5de,61,c427b67e-8bd7-11f1-9b18-005056b2a5de,1
,,,Tổng,,,,CÔNG TY TNHH TM VÀ DV PHÂN PHỐI CÁT TƯỜNG,NCC002CATTUONG,8a9f6c84-110b-41bf-a6cb-4395d13de244,0.0,c4283080-8bd7-11f1-9b18-005056b2a5de,,,c3dc9296-8bd7-11f1-9b18-005056b2a5de,62,c4283064-8bd7-11f1-9b18-005056b2a5de,1
,,,Số dư nợ đầu kỳ,0.0,0.0,0.0,CÔNG TY TRÁCH NHIỆM HỮU HẠN THƯƠNG MẠI VÀ DỊCH VỤ HƯNG PHÚ NINH THUẬN,NCC034HUNGPHUNT,91682cb5-144b-4a36-bf8e-6addbaca31d7,0.0,c429d1b5-8bd7-11f1-9b18-005056b2a5de,,,c3dc9296-8bd7-11f1-9b18-005056b2a5de,63,c429d18a-8bd7-11f1-9b18-005056b2a5de,1
,,,Tổng,,,,CÔNG TY TRÁCH NHIỆM HỮU HẠN THƯƠNG MẠI VÀ DỊCH VỤ HƯNG PHÚ NINH THUẬN,NCC034HUNGPHUNT,91682cb5-144b-4a36-bf8e-6addbaca31d7,0.0,c42a430b-8bd7-11f1-9b18-005056b2a5de,,,c3dc9296-8bd7-11f1-9b18-005056b2a5de,64,c42a42e6-8bd7-11f1-9b18-005056b2a5de,1
,,,Số dư nợ đầu kỳ,0.0,0.0,0.0,CÔNG TY TNHH TM VÀ DV PHÂN PHỐI CÁT TƯỜNG,NCC055CATTUONG,969f1d95-efce-4425-9207-9771c155df87,0.0,c42a8ff8-8bd7-11f1-9b18-005056b2a5de,,,c3dc9296-8bd7-11f1-9b18-005056b2a5de,65,c42a8fd1-8bd7-11f1-9b18-005056b2a5de,1
,,,Tổng,,,,CÔNG TY TNHH TM VÀ DV PHÂN PHỐI CÁT TƯỜNG,NCC055CATTUONG,969f1d95-efce-4425-9207-9771c155df87,0.0,c42aef12-8bd7-11f1-9b18-005056b2a5de,,,c3dc9296-8bd7-11f1-9b18-005056b2a5de,66,c42aeef0-8bd7-11f1-9b18-005056b2a5de,1
,,,Số dư nợ đầu kỳ,0.0,0.0,480000.0,CÔNG TY TNHH BAMECO,NCC020BAMECO,96b91e8a-6526-42e7-a349-ad362b14ce5f,480000.0,c42b5d56-8bd7-11f1-9b18-005056b2a5de,,,c3dc9296-8bd7-11f1-9b18-005056b2a5de,67,c42b5d35-8bd7-11f1-9b18-005056b2a5de,1
,,,Tổng,,,,CÔNG TY TNHH BAMECO,NCC020BAMECO,96b91e8a-6526-42e7-a349-ad362b14ce5f,480000.0,c42bd6d5-8bd7-11f1-9b18-005056b2a5de,,,c3dc9296-8bd7-11f1-9b18-005056b2a5de,68,c42bd6b9-8bd7-11f1-9b18-005056b2a5de,1
,,,Số dư nợ đầu kỳ,0.0,0.0,0.0,CÔNG TY TNHH THƯƠNG MẠI TRƯỜNG PHÁT THÀNH,NCC009TRUONGPHATTHANH,9794fd2d-0a65-4dfe-b5be-d6a249c89dbc,0.0,c42c315d-8bd7-11f1-9b18-005056b2a5de,,,c3dc9296-8bd7-11f1-9b18-005056b2a5de,69,c42c3134-8bd7-11f1-9b18-005056b2a5de,1
,,,Tổng,,,,CÔNG TY TNHH THƯƠNG MẠI TRƯỜNG PHÁT THÀNH,NCC009TRUONGPHATTHANH,9794fd2d-0a65-4dfe-b5be-d6a249c89dbc,0.0,c42c9565-8bd7-11f1-9b18-005056b2a5de,,,c3dc9296-8bd7-11f1-9b18-005056b2a5de,70,c42c954a-8bd7-11f1-9b18-005056b2a5de,1
,,,Số dư nợ đầu kỳ,0.0,0.0,0.0,CHI NHÁNH CÔNG TY TRÁCH NHIỆM HỮU HẠN THƯƠNG MẠI VÀ DỊCH VỤ SIÊU THỊ AN LẠC TẠI NINH THUẬN,NCC054SieuthiGO,98a5887a-0fc4-4b22-afa9-855019867720,0.0,c42cf926-8bd7-11f1-9b18-005056b2a5de,,,c3dc9296-8bd7-11f1-9b18-005056b2a5de,71,c42cf905-8bd7-11f1-9b18-005056b2a5de,1
,,,Tổng,,,,CHI NHÁNH CÔNG TY TRÁCH NHIỆM HỮU HẠN THƯƠNG MẠI VÀ DỊCH VỤ SIÊU THỊ AN LẠC TẠI NINH THUẬN,NCC054SieuthiGO,98a5887a-0fc4-4b22-afa9-855019867720,0.0,c42d60d6-8bd7-11f1-9b18-005056b2a5de,,,c3dc9296-8bd7-11f1-9b18-005056b2a5de,72,c42d60b9-8bd7-11f1-9b18-005056b2a5de,1
,,,Số dư nợ đầu kỳ,0.0,0.0,0.0,CÔNG TY TNHH THỊNH PHÁT PHAN RANG,NCC024THINHPHAT,9f30adf5-0643-4519-b686-da4fdf18c56c,0.0,c42dc40b-8bd7-11f1-9b18-005056b2a5de,,,c3dc9296-8bd7-11f1-9b18-005056b2a5de,73,c42dc3e9-8bd7-11f1-9b18-005056b2a5de,1
,,,Tổng,,,,CÔNG TY TNHH THỊNH PHÁT PHAN RANG,NCC024THINHPHAT,9f30adf5-0643-4519-b686-da4fdf18c56c,0.0,c42e3678-8bd7-11f1-9b18-005056b2a5de,,,c3dc9296-8bd7-11f1-9b18-005056b2a5de,74,c42e365c-8bd7-11f1-9b18-005056b2a5de,1
,,,Số dư nợ đầu kỳ,0.0,0.0,0.0,CÔNG TY TNHH TMDV UY NHI,NCC040UYNHI,ab8f1cc1-67cd-4ede-86c3-1a736423321c,0.0,c42e91c6-8bd7-11f1-9b18-005056b2a5de,,,c3dc9296-8bd7-11f1-9b18-005056b2a5de,75,c42e91a4-8bd7-11f1-9b18-005056b2a5de,1
,,,Tổng,,,,CÔNG TY TNHH TMDV UY NHI,NCC040UYNHI,ab8f1cc1-67cd-4ede-86c3-1a736423321c,0.0,c42f11ff-8bd7-11f1-9b18-005056b2a5de,,,c3dc9296-8bd7-11f1-9b18-005056b2a5de,76,c42f11e1-8bd7-11f1-9b18-005056b2a5de,1
,,,Số dư nợ đầu kỳ,0.0,0.0,0.0,CHI NHÁNH CÔNG TY CỔ PHẦN LƯƠNG THỰC NAM TRUNG BỘ TẠI KHÁNH HÒA,NCC003LUONGTHUC,b6271c93-f583-4f6e-bafe-107841f8dd65,0.0,c42f61d1-8bd7-11f1-9b18-005056b2a5de,,,c3dc9296-8bd7-11f1-9b18-005056b2a5de,77,c42f61b0-8bd7-11f1-9b18-005056b2a5de,1
,,,Tổng,,,,CHI NHÁNH CÔNG TY CỔ PHẦN LƯƠNG THỰC NAM TRUNG BỘ TẠI KHÁNH HÒA,NCC003LUONGTHUC,b6271c93-f583-4f6e-bafe-107841f8dd65,0.0,c42fdbc3-8bd7-11f1-9b18-005056b2a5de,,,c3dc9296-8bd7-11f1-9b18-005056b2a5de,78,c42fda4e-8bd7-11f1-9b18-005056b2a5de,1
,,,Số dư nợ đầu kỳ,0.0,0.0,0.0,HỘ KINH DOANH CƠ SỞ SẢN XUẤT NƯỚC ĐÁ ỐNG PMP,NCC053NUOCDA PMP,b927f908-b441-49c9-8038-ce449ae6dd09,0.0,c4303650-8bd7-11f1-9b18-005056b2a5de,,,c3dc9296-8bd7-11f1-9b18-005056b2a5de,79,c4303632-8bd7-11f1-9b18-005056b2a5de,1
,,,Tổng,,,,HỘ KINH DOANH CƠ SỞ SẢN XUẤT NƯỚC ĐÁ ỐNG PMP,NCC053NUOCDA PMP,b927f908-b441-49c9-8038-ce449ae6dd09,0.0,c430b359-8bd7-11f1-9b18-005056b2a5de,,,c3dc9296-8bd7-11f1-9b18-005056b2a5de,80,c430b33d-8bd7-11f1-9b18-005056b2a5de,1
,,,Số dư nợ đầu kỳ,0.0,0.0,0.0,CÔNG TY TNHH THƯƠNG MẠI DỊCH VỤ HẠNH HƯNG PHÚC,NCC021HANHHUNGPHUC,bbbabb77-c716-4512-9e66-8a718041e932,0.0,c430f86c-8bd7-11f1-9b18-005056b2a5de,,,c3dc9296-8bd7-11f1-9b18-005056b2a5de,81,c430f84e-8bd7-11f1-9b18-005056b2a5de,1
,,,Tổng,,,,CÔNG TY TNHH THƯƠNG MẠI DỊCH VỤ HẠNH HƯNG PHÚC,NCC021HANHHUNGPHUC,bbbabb77-c716-4512-9e66-8a718041e932,0.0,c431605d-8bd7-11f1-9b18-005056b2a5de,,,c3dc9296-8bd7-11f1-9b18-005056b2a5de,82,c4316043-8bd7-11f1-9b18-005056b2a5de,1
,,,Số dư nợ đầu kỳ,0.0,0.0,560000.0,CÔNG TY TRÁCH NHIỆM HỮU HẠN THƯƠNG MẠI - DỊCH VU MINH NGA NINH THUẬN,NCC017MINHNGA,bf87b2c9-c364-469d-b853-74d25d61102f,560000.0,c431ca35-8bd7-11f1-9b18-005056b2a5de,,,c3dc9296-8bd7-11f1-9b18-005056b2a5de,83,c431ca16-8bd7-11f1-9b18-005056b2a5de,1
,,,Tổng,,,,CÔNG TY TRÁCH NHIỆM HỮU HẠN THƯƠNG MẠI - DỊCH VU MINH NGA NINH THUẬN,NCC017MINHNGA,bf87b2c9-c364-469d-b853-74d25d61102f,560000.0,c4323827-8bd7-11f1-9b18-005056b2a5de,,,c3dc9296-8bd7-11f1-9b18-005056b2a5de,84,c432380c-8bd7-11f1-9b18-005056b2a5de,1
,,,Số dư nợ đầu kỳ,0.0,0.0,0.0,CÔNG TY TNHH TMDV QUỐC HÙNG CR,NCC052QUOCHUNG,c2e768ac-d312-4280-8a1e-2cf3d7614511,0.0,c432af43-8bd7-11f1-9b18-005056b2a5de,,,c3dc9296-8bd7-11f1-9b18-005056b2a5de,85,c432af25-8bd7-11f1-9b18-005056b2a5de,1
,,,Tổng,,,,CÔNG TY TNHH TMDV QUỐC HÙNG CR,NCC052QUOCHUNG,c2e768ac-d312-4280-8a1e-2cf3d7614511,0.0,c4330903-8bd7-11f1-9b18-005056b2a5de,,,c3dc9296-8bd7-11f1-9b18-005056b2a5de,86,c43308e8-8bd7-11f1-9b18-005056b2a5de,1
,,,Số dư nợ đầu kỳ,0.0,0.0,332008.0,CÔNG TY TNHH TM – TH– HẢI VY,NCC025HAIVY,c7b04283-944e-4940-9371-6843fc25cfe1,332008.0,c433f5fb-8bd7-11f1-9b18-005056b2a5de,,,c3dc9296-8bd7-11f1-9b18-005056b2a5de,87,c433f59c-8bd7-11f1-9b18-005056b2a5de,1
,,,Tổng,,,,CÔNG TY TNHH TM – TH– HẢI VY,NCC025HAIVY,c7b04283-944e-4940-9371-6843fc25cfe1,332008.0,c434cccd-8bd7-11f1-9b18-005056b2a5de,,,c3dc9296-8bd7-11f1-9b18-005056b2a5de,88,c434cc99-8bd7-11f1-9b18-005056b2a5de,1
,,,Số dư nợ đầu kỳ,0.0,0.0,1243125.0,CÔNG TY TNHH MM MEGA MARKET (VIỆT NAM),NCC001MMMEGA,ca3526f6-da07-409d-8daf-993ff484dc27,1243125.0,c4356473-8bd7-11f1-9b18-005056b2a5de,,,c3dc9296-8bd7-11f1-9b18-005056b2a5de,89,c435643a-8bd7-11f1-9b18-005056b2a5de,1
,,,Tổng,,,,CÔNG TY TNHH MM MEGA MARKET (VIỆT NAM),NCC001MMMEGA,ca3526f6-da07-409d-8daf-993ff484dc27,1243125.0,c4360d27-8bd7-11f1-9b18-005056b2a5de,,,c3dc9296-8bd7-11f1-9b18-005056b2a5de,90,c4360d09-8bd7-11f1-9b18-005056b2a5de,1
,,,Số dư nợ đầu kỳ,0.0,0.0,0.0,CÔNG TY TNHH THƯƠNG MẠI DỊCH VỤ PHÂN PHỐI KHANG NHẤT,NCC048KHANGNHAT,cc37dda2-cd80-4a49-a749-ce63190c3de7,0.0,c4365f70-8bd7-11f1-9b18-005056b2a5de,,,c3dc9296-8bd7-11f1-9b18-005056b2a5de,91,c4365f52-8bd7-11f1-9b18-005056b2a5de,1
,,,Tổng,,,,CÔNG TY TNHH THƯƠNG MẠI DỊCH VỤ PHÂN PHỐI KHANG NHẤT,NCC048KHANGNHAT,cc37dda2-cd80-4a49-a749-ce63190c3de7,0.0,c436e3fe-8bd7-11f1-9b18-005056b2a5de,,,c3dc9296-8bd7-11f1-9b18-005056b2a5de,92,c436e3e2-8bd7-11f1-9b18-005056b2a5de,1
,,,Số dư nợ đầu kỳ,0.0,0.0,0.0,CÔNG TY TNHH  ECOPAC VIỆT NAM,NCC038ECOPAC,d1454351-af3a-4bc3-8f26-9b0c343b5e5b,0.0,c4373aa7-8bd7-11f1-9b18-005056b2a5de,,,c3dc9296-8bd7-11f1-9b18-005056b2a5de,93,c4373a88-8bd7-11f1-9b18-005056b2a5de,1
,,,Tổng,,,,CÔNG TY TNHH  ECOPAC VIỆT NAM,NCC038ECOPAC,d1454351-af3a-4bc3-8f26-9b0c343b5e5b,0.0,c437a405-8bd7-11f1-9b18-005056b2a5de,,,c3dc9296-8bd7-11f1-9b18-005056b2a5de,94,c437a3eb-8bd7-11f1-9b18-005056b2a5de,1
,,,Số dư nợ đầu kỳ,0.0,0.0,0.0,CÔNG TY TNHH PHƯƠNG HOÀNG VY,NCC018PHUONGHOANGVY,d2787d0b-a4d0-4e90-958a-e2e320b87989,0.0,c4382762-8bd7-11f1-9b18-005056b2a5de,,,c3dc9296-8bd7-11f1-9b18-005056b2a5de,95,c4382745-8bd7-11f1-9b18-005056b2a5de,1
,,,Tổng,,,,CÔNG TY TNHH PHƯƠNG HOÀNG VY,NCC018PHUONGHOANGVY,d2787d0b-a4d0-4e90-958a-e2e320b87989,0.0,c4389b85-8bd7-11f1-9b18-005056b2a5de,,,c3dc9296-8bd7-11f1-9b18-005056b2a5de,96,c4389b6a-8bd7-11f1-9b18-005056b2a5de,1
,,,Số dư nợ đầu kỳ,0.0,0.0,0.0,CÔNG TY TNHH TMDV NGỌC MỸ,NCC035NGOCMY,d8452f06-65ec-4fd5-ad00-c923d64f78ec,0.0,c438ff36-8bd7-11f1-9b18-005056b2a5de,,,c3dc9296-8bd7-11f1-9b18-005056b2a5de,97,c438ff17-8bd7-11f1-9b18-005056b2a5de,1
,,,Tổng,,,,CÔNG TY TNHH TMDV NGỌC MỸ,NCC035NGOCMY,d8452f06-65ec-4fd5-ad00-c923d64f78ec,0.0,c43970e8-8bd7-11f1-9b18-005056b2a5de,,,c3dc9296-8bd7-11f1-9b18-005056b2a5de,98,c43970ce-8bd7-11f1-9b18-005056b2a5de,1
,,,Số dư nợ đầu kỳ,0.0,0.0,2310000.0,CÔNG TY TNHH THƯƠNG MẠI - DỊCH VỤ ĐÔNG VÂN,NCC014DONGVAN,db4f71cb-103a-436f-b159-7c984ed075e9,2310000.0,c439ec7b-8bd7-11f1-9b18-005056b2a5de,,,c3dc9296-8bd7-11f1-9b18-005056b2a5de,99,c439ec5d-8bd7-11f1-9b18-005056b2a5de,1
,,,Tổng,0.0,0.0,,CÔNG TY TNHH THƯƠNG MẠI - DỊCH VỤ ĐÔNG VÂN,NCC014DONGVAN,db4f71cb-103a-436f-b159-7c984ed075e9,2310000.0,c43a9352-8bd7-11f1-9b18-005056b2a5de,,,c3dc9296-8bd7-11f1-9b18-005056b2a5de,101,c43a9337-8bd7-11f1-9b18-005056b2a5de,1
,,,Số dư nợ đầu kỳ,0.0,0.0,0.0,CÔNG TY TNHH PHÂN PHỐI HÙNG PHÁT,NCC019HUNGPHAT,db764d64-13c7-4bc6-b47f-cd55f736b80e,0.0,c43b1298-8bd7-11f1-9b18-005056b2a5de,,,c3dc9296-8bd7-11f1-9b18-005056b2a5de,102,c43b127a-8bd7-11f1-9b18-005056b2a5de,1
,,,Tổng,,,,CÔNG TY TNHH PHÂN PHỐI HÙNG PHÁT,NCC019HUNGPHAT,db764d64-13c7-4bc6-b47f-cd55f736b80e,0.0,c43b9da9-8bd7-11f1-9b18-005056b2a5de,,,c3dc9296-8bd7-11f1-9b18-005056b2a5de,103,c43b9d8d-8bd7-11f1-9b18-005056b2a5de,1
,,,Số dư nợ đầu kỳ,0.0,0.0,0.0,CÔNG TY TRÁCH NHIỆM HỮU HẠN THƯƠNG MẠI SẢN XUẤT DỊCH VỤ LONG HƯNG,NCC010LONGHUNG,dcd47cee-0ffe-4f87-94f3-337df4de56c2,0.0,c43bef80-8bd7-11f1-9b18-005056b2a5de,,,c3dc9296-8bd7-11f1-9b18-005056b2a5de,104,c43bef62-8bd7-11f1-9b18-005056b2a5de,1
,,,Tổng,,,,CÔNG TY TRÁCH NHIỆM HỮU HẠN THƯƠNG MẠI SẢN XUẤT DỊCH VỤ LONG HƯNG,NCC010LONGHUNG,dcd47cee-0ffe-4f87-94f3-337df4de56c2,0.0,c43ce580-8bd7-11f1-9b18-005056b2a5de,,,c3dc9296-8bd7-11f1-9b18-005056b2a5de,105,c43ce536-8bd7-11f1-9b18-005056b2a5de,1
,,,Số dư nợ đầu kỳ,0.0,0.0,0.0,CHI NHÁNH CÔNG TY CỔ PHẦN THƯƠNG MẠI DỊCH VỤ SẢN XUẤT HƯƠNG THỦY,NCC043HUONGTHUY,e18129d6-d54b-4a1a-bb20-c9a920051df5,0.0,c43d76ed-8bd7-11f1-9b18-005056b2a5de,,,c3dc9296-8bd7-11f1-9b18-005056b2a5de,106,c43d76a1-8bd7-11f1-9b18-005056b2a5de,1
,,,Tổng,,,,CHI NHÁNH CÔNG TY CỔ PHẦN THƯƠNG MẠI DỊCH VỤ SẢN XUẤT HƯƠNG THỦY,NCC043HUONGTHUY,e18129d6-d54b-4a1a-bb20-c9a920051df5,0.0,c43e1426-8bd7-11f1-9b18-005056b2a5de,,,c3dc9296-8bd7-11f1-9b18-005056b2a5de,107,c43e1402-8bd7-11f1-9b18-005056b2a5de,1
,,,Số dư nợ đầu kỳ,0.0,0.0,0.0,CÔNG TY TNHH SẢN XUẤT - THƯƠNG MẠI - DỊCH VỤ  BATRAFOCO,NCC029BATRAFOODCO,f9b3bc16-4b52-4ba7-9fec-943da7d00d85,0.0,c43eb81a-8bd7-11f1-9b18-005056b2a5de,,,c3dc9296-8bd7-11f1-9b18-005056b2a5de,108,c43eb7b9-8bd7-11f1-9b18-005056b2a5de,1
,,,Tổng,,,,CÔNG TY TNHH SẢN XUẤT - THƯƠNG MẠI - DỊCH VỤ  BATRAFOCO,NCC029BATRAFOODCO,f9b3bc16-4b52-4ba7-9fec-943da7d00d85,0.0,c43febe7-8bd7-11f1-9b18-005056b2a5de,,,c3dc9296-8bd7-11f1-9b18-005056b2a5de,109,c43feb8e-8bd7-11f1-9b18-005056b2a5de,1
,,,Số dư nợ đầu kỳ,0.0,0.0,1561600.0,CÔNG TY TRÁCH NHIỆM HỮU HẠN THƯƠNG MẠI VÀ DỊCH VỤ TRÚC NHI,NCC006TRUCNHI,fb21997b-58fa-43cd-bfcc-67d858757375,1561600.0,c44139c8-8bd7-11f1-9b18-005056b2a5de,,,c3dc9296-8bd7-11f1-9b18-005056b2a5de,110,c441398c-8bd7-11f1-9b18-005056b2a5de,1
,,,Tổng,,,,CÔNG TY TRÁCH NHIỆM HỮU HẠN THƯƠNG MẠI VÀ DỊCH VỤ TRÚC NHI,NCC006TRUCNHI,fb21997b-58fa-43cd-bfcc-67d858757375,1561600.0,c4421e11-8bd7-11f1-9b18-005056b2a5de,,,c3dc9296-8bd7-11f1-9b18-005056b2a5de,111,c4421dde-8bd7-11f1-9b18-005056b2a5de,1
,,,Số dư nợ đầu kỳ,0.0,0.0,0.0,CÔNG TY TNHH THƯƠNG MẠI DỊCH VỤ XUẤT NHẬP KHẨU PHÚ QUÝ GROUP,NCC041PHUQUY,fda60d91-77f7-4907-a767-830367957227,0.0,c442acc4-8bd7-11f1-9b18-005056b2a5de,,,c3dc9296-8bd7-11f1-9b18-005056b2a5de,112,c442ac7d-8bd7-11f1-9b18-005056b2a5de,1
,,,Tổng,,,,CÔNG TY TNHH THƯƠNG MẠI DỊCH VỤ XUẤT NHẬP KHẨU PHÚ QUÝ GROUP,NCC041PHUQUY,fda60d91-77f7-4907-a767-830367957227,0.0,c443743a-8bd7-11f1-9b18-005056b2a5de,,,c3dc9296-8bd7-11f1-9b18-005056b2a5de,113,c44373f7-8bd7-11f1-9b18-005056b2a5de,1
2026-07-01T10:02:23,NK000734,301,,0.0,0.0,3087384.0,CÔNG TY TNHH DƯỢC PHẨM - THƯƠNG MẠI THY THY,NCC022THYTHY,1696ed98-99df-4284-b34b-2adf9ebeb2e9,3087384.0,a5635edc-8bc6-11f1-9b18-005056b2a5de,a38f9189-ad87-11ef-a35e-005056b28600,CÔNG TY TNHH THƯƠNG MẠI VÀ DỊCH VỤ MIRA GROUP,a556e3ed-8bc6-11f1-9b18-005056b2a5de,24,3fe70b33-dd0e-4c24-867c-1695ad175f78,0
2026-07-01T10:06:21,NK000735,301,,0.0,0.0,57960.0,CÔNG TY TRÁCH NHIỆM HỮU HẠN THƯƠNG MẠI VÀ DỊCH VỤ TRÚC NGUYÊN,NCC011TRUCNGUYEN,6d8e96f8-d1c3-4ae5-b104-e7878e688b5f,57960.0,a578f4a4-8bc6-11f1-9b18-005056b2a5de,a38f9189-ad87-11ef-a35e-005056b28600,CÔNG TY TNHH THƯƠNG MẠI VÀ DỊCH VỤ MIRA GROUP,a556e3ed-8bc6-11f1-9b18-005056b2a5de,77,7ac0e876-c0e8-4889-aa76-bd2630039b88,0
2026-07-03T10:11:01,NK000736,301,,0.0,0.0,1561600.0,CÔNG TY TRÁCH NHIỆM HỮU HẠN THƯƠNG MẠI VÀ DỊCH VỤ TRÚC NHI,NCC006TRUCNHI,fb21997b-58fa-43cd-bfcc-67d858757375,1561600.0,a5a499ad-8bc6-11f1-9b18-005056b2a5de,a38f9189-ad87-11ef-a35e-005056b28600,CÔNG TY TNHH THƯƠNG MẠI VÀ DỊCH VỤ MIRA GROUP,a556e3ed-8bc6-11f1-9b18-005056b2a5de,168,fd57201b-9717-471f-9cee-f5d157799c44,0
2026-07-04T08:23:36,NK000738,301,,0.0,0.0,57960.0,CÔNG TY TRÁCH NHIỆM HỮU HẠN THƯƠNG MẠI VÀ DỊCH VỤ TRÚC NGUYÊN,NCC011TRUCNGUYEN,6d8e96f8-d1c3-4ae5-b104-e7878e688b5f,57960.0,a578f6f7-8bc6-11f1-9b18-005056b2a5de,a38f9189-ad87-11ef-a35e-005056b28600,CÔNG TY TNHH THƯƠNG MẠI VÀ DỊCH VỤ MIRA GROUP,a556e3ed-8bc6-11f1-9b18-005056b2a5de,78,fe394266-c345-493a-b097-653768942a3b,0
2026-07-04T08:31:24,NK000739,301,,0.0,0.0,0.0,CÔNG TY TNHH PHƯƠNG HOÀNG VY,NCC018PHUONGHOANGVY,d2787d0b-a4d0-4e90-958a-e2e320b87989,0.0,a5977a0c-8bc6-11f1-9b18-005056b2a5de,a38f9189-ad87-11ef-a35e-005056b28600,CÔNG TY TNHH THƯƠNG MẠI VÀ DỊCH VỤ MIRA GROUP,a556e3ed-8bc6-11f1-9b18-005056b2a5de,141,a3a8a569-cabc-4cd6-bf6d-b3ef6d432357,0
2026-07-04T08:33:52,NK000740,301,,0.0,0.0,3087384.0,CÔNG TY TNHH DƯỢC PHẨM - THƯƠNG MẠI THY THY,NCC022THYTHY,1696ed98-99df-4284-b34b-2adf9ebeb2e9,3087384.0,a563617a-8bc6-11f1-9b18-005056b2a5de,a38f9189-ad87-11ef-a35e-005056b28600,CÔNG TY TNHH THƯƠNG MẠI VÀ DỊCH VỤ MIRA GROUP,a556e3ed-8bc6-11f1-9b18-005056b2a5de,25,505f3a45-770a-4406-a7af-7ed1272a762f,0
2026-07-04T08:36:23,NK000741,301,,0.0,0.0,332008.0,CÔNG TY TNHH TM – TH– HẢI VY,NCC025HAIVY,c7b04283-944e-4940-9371-6843fc25cfe1,332008.0,a591cff8-8bc6-11f1-9b18-005056b2a5de,a38f9189-ad87-11ef-a35e-005056b28600,CÔNG TY TNHH THƯƠNG MẠI VÀ DỊCH VỤ MIRA GROUP,a556e3ed-8bc6-11f1-9b18-005056b2a5de,129,11f4bdad-6593-4a70-af8c-40b3d947eef1,0
2026-07-04T22:36:33,NK000742,301,,0.0,0.0,0.0,CÔNG TY TRÁCH NHIỆM HỮU HẠN THƯƠNG MẠI SONG PHÁT THỊNH,NCC028SONGPHATTHINH,5ff588fd-1c80-45e9-b228-f2510ac7c7d3,0.0,a5760e6a-8bc6-11f1-9b18-005056b2a5de,a38f9189-ad87-11ef-a35e-005056b28600,CÔNG TY TNHH THƯƠNG MẠI VÀ DỊCH VỤ MIRA GROUP,a556e3ed-8bc6-11f1-9b18-005056b2a5de,70,908d8aca-40cf-4a22-a8b2-fb094903bf4b,0
2026-07-06T11:22:51,NK000745,301,,0.0,0.0,0.0,CÔNG TY TNHH THƯƠNG MẠI XÂY DỰNG - CHẾ BIẾN LÂM SẢN - MỘC - THÀNH LỢI,NCC027THANHLOI,11ec3962-3823-4ab6-b641-276ebe8e0d23,0.0,a56114d4-8bc6-11f1-9b18-005056b2a5de,a38f9189-ad87-11ef-a35e-005056b28600,CÔNG TY TNHH THƯƠNG MẠI VÀ DỊCH VỤ MIRA GROUP,a556e3ed-8bc6-11f1-9b18-005056b2a5de,15,d49a5e01-ce72-4b01-ab2a-1170f14c11c1,0
2026-07-06T22:45:07,NK000743,301,,0.0,0.0,0.0,CÔNG TY TNHH PHÂN PHỐI HÙNG PHÁT,NCC019HUNGPHAT,db764d64-13c7-4bc6-b47f-cd55f736b80e,0.0,a59d08f0-8bc6-11f1-9b18-005056b2a5de,a38f9189-ad87-11ef-a35e-005056b28600,CÔNG TY TNHH THƯƠNG MẠI VÀ DỊCH VỤ MIRA GROUP,a556e3ed-8bc6-11f1-9b18-005056b2a5de,154,23a86ace-6594-45cc-bcc2-82c83f40c353,0
2026-07-06T23:36:51,NK000744,301,,0.0,0.0,560000.0,CÔNG TY TRÁCH NHIỆM HỮU HẠN THƯƠNG MẠI - DỊCH VU MINH NGA NINH THUẬN,NCC017MINHNGA,bf87b2c9-c364-469d-b853-74d25d61102f,560000.0,a58e7ee7-8bc6-11f1-9b18-005056b2a5de,a38f9189-ad87-11ef-a35e-005056b28600,CÔNG TY TNHH THƯƠNG MẠI VÀ DỊCH VỤ MIRA GROUP,a556e3ed-8bc6-11f1-9b18-005056b2a5de,123,4ef36e45-b0ec-43a2-84d3-e9ce411c895d,0
2026-07-07T11:24:45,NK000746,301,,0.0,0.0,0.0,CÔNG TY TNHH TMDV NGỌC MỸ,NCC035NGOCMY,d8452f06-65ec-4fd5-ad00-c923d64f78ec,0.0,a599d903-8bc6-11f1-9b18-005056b2a5de,a38f9189-ad87-11ef-a35e-005056b28600,CÔNG TY TNHH THƯƠNG MẠI VÀ DỊCH VỤ MIRA GROUP,a556e3ed-8bc6-11f1-9b18-005056b2a5de,145,1bf8a5b9-1491-4fe3-bc89-e5736691da82,0
2026-07-07T11:27:04,NK000747,301,,0.0,0.0,0.0,CÔNG TY TRÁCH NHIỆM HỮU HẠN THƯƠNG MẠI SẢN XUẤT DỊCH VỤ LONG HƯNG,NCC010LONGHUNG,dcd47cee-0ffe-4f87-94f3-337df4de56c2,0.0,a59f0b35-8bc6-11f1-9b18-005056b2a5de,a38f9189-ad87-11ef-a35e-005056b28600,CÔNG TY TNHH THƯƠNG MẠI VÀ DỊCH VỤ MIRA GROUP,a556e3ed-8bc6-11f1-9b18-005056b2a5de,160,15138de2-4c40-4173-97cd-6f4173dec8e4,0
2026-07-08T11:34:45,NK000748,301,,0.0,0.0,480000.0,CÔNG TY TNHH BAMECO,NCC020BAMECO,96b91e8a-6526-42e7-a349-ad362b14ce5f,480000.0,a5834cfa-8bc6-11f1-9b18-005056b2a5de,a38f9189-ad87-11ef-a35e-005056b28600,CÔNG TY TNHH THƯƠNG MẠI VÀ DỊCH VỤ MIRA GROUP,a556e3ed-8bc6-11f1-9b18-005056b2a5de,102,0791432c-a7be-42da-b4fe-59888ec72cba,0
2026-07-09T11:41:34,NK000749,301,,0.0,0.0,0.0,CÔNG TY TNHH THỊNH PHÁT PHAN RANG,NCC024THINHPHAT,9f30adf5-0643-4519-b686-da4fdf18c56c,0.0,a5869008-8bc6-11f1-9b18-005056b2a5de,a38f9189-ad87-11ef-a35e-005056b28600,CÔNG TY TNHH THƯƠNG MẠI VÀ DỊCH VỤ MIRA GROUP,a556e3ed-8bc6-11f1-9b18-005056b2a5de,111,f0f26998-3e3f-475e-b19f-f2e917267cb2,0
2026-07-09T11:44:17,NK000750,301,,0.0,0.0,0.0,CÔNG TY TNHH THƯƠNG MẠI XÂY DỰNG - CHẾ BIẾN LÂM SẢN - MỘC - THÀNH LỢI,NCC027THANHLOI,11ec3962-3823-4ab6-b641-276ebe8e0d23,0.0,a56117b0-8bc6-11f1-9b18-005056b2a5de,a38f9189-ad87-11ef-a35e-005056b28600,CÔNG TY TNHH THƯƠNG MẠI VÀ DỊCH VỤ MIRA GROUP,a556e3ed-8bc6-11f1-9b18-005056b2a5de,16,ab5cb34a-09c9-448a-ba51-1ef8f335598d,0
2026-07-10T11:45:38,NK000751,301,,0.0,0.0,0.0,CÔNG TY TNHH PHÂN PHỐI HÙNG PHÁT,NCC019HUNGPHAT,db764d64-13c7-4bc6-b47f-cd55f736b80e,0.0,a59d0b59-8bc6-11f1-9b18-005056b2a5de,a38f9189-ad87-11ef-a35e-005056b28600,CÔNG TY TNHH THƯƠNG MẠI VÀ DỊCH VỤ MIRA GROUP,a556e3ed-8bc6-11f1-9b18-005056b2a5de,155,445325b8-a15e-45b1-9085-c6bfb1e0d055,0
2026-07-10T14:58:57,NK000752,301,,0.0,0.0,0.0,CÔNG TY TNHH THIÊN PHÚ PHAN RANG,NCC013THIENPHU,74be5b48-1dd4-45e9-9c6d-f47b6e9dd0d8,0.0,a57c60d3-8bc6-11f1-9b18-005056b2a5de,a38f9189-ad87-11ef-a35e-005056b28600,CÔNG TY TNHH THƯƠNG MẠI VÀ DỊCH VỤ MIRA GROUP,a556e3ed-8bc6-11f1-9b18-005056b2a5de,86,a6a2ec33-5236-4e09-b031-7e5cc667b407,0
2026-07-11T15:08:07,NK000753,301,,0.0,0.0,0.0,CÔNG TY TNHH THƯƠNG MẠI VÀ DỊCH VỤ BẢO TÍN NINH THUẬN,NCC005BAOTIN,505322d8-c81a-4fe3-b380-7db4d69a8e53,0.0,a572aa07-8bc6-11f1-9b18-005056b2a5de,a38f9189-ad87-11ef-a35e-005056b28600,CÔNG TY TNHH THƯƠNG MẠI VÀ DỊCH VỤ MIRA GROUP,a556e3ed-8bc6-11f1-9b18-005056b2a5de,60,737b6e46-8baf-4ad4-8b8f-c73abec7f3cb,0
2026-07-11T15:11:36,NK000754,301,,0.0,0.0,0.0,CÔNG TY TNHH THƯƠNG MẠI XÂY DỰNG - CHẾ BIẾN LÂM SẢN - MỘC - THÀNH LỢI,NCC027THANHLOI,11ec3962-3823-4ab6-b641-276ebe8e0d23,0.0,a56118ce-8bc6-11f1-9b18-005056b2a5de,a38f9189-ad87-11ef-a35e-005056b28600,CÔNG TY TNHH THƯƠNG MẠI VÀ DỊCH VỤ MIRA GROUP,a556e3ed-8bc6-11f1-9b18-005056b2a5de,17,bdd92699-781c-43e2-a952-dc0892193e62,0
2026-07-11T15:19:10,NK000755,301,,0.0,0.0,2310000.0,CÔNG TY TNHH THƯƠNG MẠI - DỊCH VỤ ĐÔNG VÂN,NCC014DONGVAN,db4f71cb-103a-436f-b159-7c984ed075e9,2310000.0,a59b6651-8bc6-11f1-9b18-005056b2a5de,a38f9189-ad87-11ef-a35e-005056b28600,CÔNG TY TNHH THƯƠNG MẠI VÀ DỊCH VỤ MIRA GROUP,a556e3ed-8bc6-11f1-9b18-005056b2a5de,148,ca6602fd-bd98-4b68-9b9a-326893cf2e60,0
2026-07-11T15:36:06,NK000756,301,,0.0,0.0,1561600.0,CÔNG TY TRÁCH NHIỆM HỮU HẠN THƯƠNG MẠI VÀ DỊCH VỤ TRÚC NHI,NCC006TRUCNHI,fb21997b-58fa-43cd-bfcc-67d858757375,1561600.0,a5a49c92-8bc6-11f1-9b18-005056b2a5de,a38f9189-ad87-11ef-a35e-005056b28600,CÔNG TY TNHH THƯƠNG MẠI VÀ DỊCH VỤ MIRA GROUP,a556e3ed-8bc6-11f1-9b18-005056b2a5de,169,c85a75c1-395b-43d6-b33b-506b45502854,0
2026-07-11T15:45:18,NK000757,301,,0.0,0.0,3087384.0,CÔNG TY TNHH DƯỢC PHẨM - THƯƠNG MẠI THY THY,NCC022THYTHY,1696ed98-99df-4284-b34b-2adf9ebeb2e9,3087384.0,a5636254-8bc6-11f1-9b18-005056b2a5de,a38f9189-ad87-11ef-a35e-005056b28600,CÔNG TY TNHH THƯƠNG MẠI VÀ DỊCH VỤ MIRA GROUP,a556e3ed-8bc6-11f1-9b18-005056b2a5de,26,0519bc4f-92cb-4f06-9990-f5ecffd2e346,0
2026-07-11T15:49:37,NK000758,301,,0.0,0.0,1561600.0,CÔNG TY TRÁCH NHIỆM HỮU HẠN THƯƠNG MẠI VÀ DỊCH VỤ TRÚC NHI,NCC006TRUCNHI,fb21997b-58fa-43cd-bfcc-67d858757375,1561600.0,a5a49d9f-8bc6-11f1-9b18-005056b2a5de,a38f9189-ad87-11ef-a35e-005056b28600,CÔNG TY TNHH THƯƠNG MẠI VÀ DỊCH VỤ MIRA GROUP,a556e3ed-8bc6-11f1-9b18-005056b2a5de,170,e68fbbf5-47ad-4a01-b950-b410b8c276ab,0
2026-07-13T15:57:43,NK000759,301,,0.0,0.0,332008.0,CÔNG TY TNHH TM – TH– HẢI VY,NCC025HAIVY,c7b04283-944e-4940-9371-6843fc25cfe1,332008.0,a591d340-8bc6-11f1-9b18-005056b2a5de,a38f9189-ad87-11ef-a35e-005056b28600,CÔNG TY TNHH THƯƠNG MẠI VÀ DỊCH VỤ MIRA GROUP,a556e3ed-8bc6-11f1-9b18-005056b2a5de,130,aca63dff-feda-4134-a995-a8e0519c636b,0
2026-07-13T16:01:06,NK000760,301,,0.0,0.0,2310000.0,CÔNG TY TNHH THƯƠNG MẠI - DỊCH VỤ ĐÔNG VÂN,NCC014DONGVAN,db4f71cb-103a-436f-b159-7c984ed075e9,2310000.0,a59b68c7-8bc6-11f1-9b18-005056b2a5de,a38f9189-ad87-11ef-a35e-005056b28600,CÔNG TY TNHH THƯƠNG MẠI VÀ DỊCH VỤ MIRA GROUP,a556e3ed-8bc6-11f1-9b18-005056b2a5de,149,1daf9860-e29c-4ce7-a089-b36d56e29dae,0
2026-07-13T16:10:31,NK000761,301,,0.0,0.0,0.0,CÔNG TY TNHH THƯƠNG MẠI XÂY DỰNG - CHẾ BIẾN LÂM SẢN - MỘC - THÀNH LỢI,NCC027THANHLOI,11ec3962-3823-4ab6-b641-276ebe8e0d23,0.0,a56119a2-8bc6-11f1-9b18-005056b2a5de,a38f9189-ad87-11ef-a35e-005056b28600,CÔNG TY TNHH THƯƠNG MẠI VÀ DỊCH VỤ MIRA GROUP,a556e3ed-8bc6-11f1-9b18-005056b2a5de,18,52d28689-a48a-42d8-b2d9-4aaf87981ff4,0
2026-07-13T16:16:51,NK000762,301,,0.0,0.0,1561600.0,CÔNG TY TRÁCH NHIỆM HỮU HẠN THƯƠNG MẠI VÀ DỊCH VỤ TRÚC NHI,NCC006TRUCNHI,fb21997b-58fa-43cd-bfcc-67d858757375,1561600.0,a5a49e4c-8bc6-11f1-9b18-005056b2a5de,a38f9189-ad87-11ef-a35e-005056b28600,CÔNG TY TNHH THƯƠNG MẠI VÀ DỊCH VỤ MIRA GROUP,a556e3ed-8bc6-11f1-9b18-005056b2a5de,171,b6692503-589b-435a-8212-ffe4d89d6277,0
2026-07-14T16:23:42,NK000763,301,,0.0,0.0,3087384.0,CÔNG TY TNHH DƯỢC PHẨM - THƯƠNG MẠI THY THY,NCC022THYTHY,1696ed98-99df-4284-b34b-2adf9ebeb2e9,3087384.0,a5636337-8bc6-11f1-9b18-005056b2a5de,a38f9189-ad87-11ef-a35e-005056b28600,CÔNG TY TNHH THƯƠNG MẠI VÀ DỊCH VỤ MIRA GROUP,a556e3ed-8bc6-11f1-9b18-005056b2a5de,27,531b3c36-5f4c-435e-a0a1-0087202481d2,0
2026-07-15T16:26:48,NK000764,301,,0.0,0.0,0.0,CÔNG TY TNHH TMDV HỒNG OANH NINH THUẬN,NCC042HONGOANH,377192d7-4109-4948-89e4-d96c6f19885b,0.0,a56d394f-8bc6-11f1-9b18-005056b2a5de,a38f9189-ad87-11ef-a35e-005056b28600,CÔNG TY TNHH THƯƠNG MẠI VÀ DỊCH VỤ MIRA GROUP,a556e3ed-8bc6-11f1-9b18-005056b2a5de,48,710a8bfa-0f09-41b5-924c-c86ca2ff794f,0
2026-07-17T06:35:29,NK000768,301,,0.0,0.0,0.0,CÔNG TY TRÁCH NHIỆM HỮU HẠN THƯƠNG MẠI VÀ DỊCH VỤ PHƯỢNG ĐỊNH,NCC056PHUONGDINH,2806e851-37a0-41fc-87d5-19b1f2d78fbf,0.0,a5686abd-8bc6-11f1-9b18-005056b2a5de,a38f9189-ad87-11ef-a35e-005056b28600,CÔNG TY TNHH THƯƠNG MẠI VÀ DỊCH VỤ MIRA GROUP,a556e3ed-8bc6-11f1-9b18-005056b2a5de,38,0cccff9a-617a-4b60-8344-9ce6ec52c0d7,0
2026-07-17T06:59:32,NK000769,301,,0.0,0.0,0.0,CÔNG TY TNHH XNK THÀNH PHƯƠNG GROUP,NCC044THANHPHUONG,55feb07f-1e66-4087-b4d4-96d0a0342ea0,0.0,a573ee3f-8bc6-11f1-9b18-005056b2a5de,a38f9189-ad87-11ef-a35e-005056b28600,CÔNG TY TNHH THƯƠNG MẠI VÀ DỊCH VỤ MIRA GROUP,a556e3ed-8bc6-11f1-9b18-005056b2a5de,64,a3adaac8-e426-4323-81f5-8444e5cc02f1,0
2026-07-17T16:31:40,NK000765,301,,0.0,0.0,0.0,CÔNG TY TNHH PHƯƠNG HOÀNG VY,NCC018PHUONGHOANGVY,d2787d0b-a4d0-4e90-958a-e2e320b87989,0.0,a59782f7-8bc6-11f1-9b18-005056b2a5de,a38f9189-ad87-11ef-a35e-005056b28600,CÔNG TY TNHH THƯƠNG MẠI VÀ DỊCH VỤ MIRA GROUP,a556e3ed-8bc6-11f1-9b18-005056b2a5de,142,eacc7850-d64a-4d00-ad2b-a085f27d3cd0,0
2026-07-17T16:37:32,NK000766,301,,0.0,0.0,0.0,CÔNG TY TNHH THỊNH PHÁT PHAN RANG,NCC024THINHPHAT,9f30adf5-0643-4519-b686-da4fdf18c56c,0.0,a5869282-8bc6-11f1-9b18-005056b2a5de,a38f9189-ad87-11ef-a35e-005056b28600,CÔNG TY TNHH THƯƠNG MẠI VÀ DỊCH VỤ MIRA GROUP,a556e3ed-8bc6-11f1-9b18-005056b2a5de,112,9153ce21-5841-4a16-abd7-a041e1dfbb19,0
2026-07-17T16:41:09,NK000767,301,,0.0,0.0,0.0,CÔNG TY TNHH THIÊN PHÚ PHAN RANG,NCC013THIENPHU,74be5b48-1dd4-45e9-9c6d-f47b6e9dd0d8,0.0,a57c6430-8bc6-11f1-9b18-005056b2a5de,a38f9189-ad87-11ef-a35e-005056b28600,CÔNG TY TNHH THƯƠNG MẠI VÀ DỊCH VỤ MIRA GROUP,a556e3ed-8bc6-11f1-9b18-005056b2a5de,87,12a66ef0-4d32-4572-b5aa-e1bb5a88f127,0
2026-07-18T07:35:54,NK000770,301,,0.0,0.0,57960.0,CÔNG TY TRÁCH NHIỆM HỮU HẠN THƯƠNG MẠI VÀ DỊCH VỤ TRÚC NGUYÊN,NCC011TRUCNGUYEN,6d8e96f8-d1c3-4ae5-b104-e7878e688b5f,57960.0,a578f7cc-8bc6-11f1-9b18-005056b2a5de,a38f9189-ad87-11ef-a35e-005056b28600,CÔNG TY TNHH THƯƠNG MẠI VÀ DỊCH VỤ MIRA GROUP,a556e3ed-8bc6-11f1-9b18-005056b2a5de,79,a3d76228-5120-4527-a034-80ec94165b0b,0
2026-07-18T09:03:10,NK000771,301,,0.0,0.0,332008.0,CÔNG TY TNHH TM – TH– HẢI VY,NCC025HAIVY,c7b04283-944e-4940-9371-6843fc25cfe1,332008.0,a591d457-8bc6-11f1-9b18-005056b2a5de,a38f9189-ad87-11ef-a35e-005056b28600,CÔNG TY TNHH THƯƠNG MẠI VÀ DỊCH VỤ MIRA GROUP,a556e3ed-8bc6-11f1-9b18-005056b2a5de,131,36a9ecf2-153f-4a8c-bbdc-7c3dbb2417c0,0
2026-07-18T09:09:27,NK000772,301,,0.0,0.0,2310000.0,CÔNG TY TNHH THƯƠNG MẠI - DỊCH VỤ ĐÔNG VÂN,NCC014DONGVAN,db4f71cb-103a-436f-b159-7c984ed075e9,2310000.0,a59b6999-8bc6-11f1-9b18-005056b2a5de,a38f9189-ad87-11ef-a35e-005056b28600,CÔNG TY TNHH THƯƠNG MẠI VÀ DỊCH VỤ MIRA GROUP,a556e3ed-8bc6-11f1-9b18-005056b2a5de,150,5f0e4e08-4281-484d-b083-04b752a219e4,0
2026-07-18T09:11:11,NK000773,301,,0.0,0.0,480000.0,CÔNG TY TNHH BAMECO,NCC020BAMECO,96b91e8a-6526-42e7-a349-ad362b14ce5f,480000.0,a5835044-8bc6-11f1-9b18-005056b2a5de,a38f9189-ad87-11ef-a35e-005056b28600,CÔNG TY TNHH THƯƠNG MẠI VÀ DỊCH VỤ MIRA GROUP,a556e3ed-8bc6-11f1-9b18-005056b2a5de,103,042c5df0-9b42-415f-9c9e-a68ad03947ad,0
2026-07-18T09:12:45,NK000774,301,,0.0,0.0,1561600.0,CÔNG TY TRÁCH NHIỆM HỮU HẠN THƯƠNG MẠI VÀ DỊCH VỤ TRÚC NHI,NCC006TRUCNHI,fb21997b-58fa-43cd-bfcc-67d858757375,1561600.0,a5a49f57-8bc6-11f1-9b18-005056b2a5de,a38f9189-ad87-11ef-a35e-005056b28600,CÔNG TY TNHH THƯƠNG MẠI VÀ DỊCH VỤ MIRA GROUP,a556e3ed-8bc6-11f1-9b18-005056b2a5de,172,de5ead24-9935-4ccf-a90d-ceeb1ca01174,0
2026-07-18T09:17:23,NK000775,301,,0.0,0.0,0.0,CÔNG TY TRÁCH NHIỆM HỮU HẠN THƯƠNG MẠI SONG PHÁT THỊNH,NCC028SONGPHATTHINH,5ff588fd-1c80-45e9-b228-f2510ac7c7d3,0.0,a576109b-8bc6-11f1-9b18-005056b2a5de,a38f9189-ad87-11ef-a35e-005056b28600,CÔNG TY TNHH THƯƠNG MẠI VÀ DỊCH VỤ MIRA GROUP,a556e3ed-8bc6-11f1-9b18-005056b2a5de,71,261ede9f-cd33-4bcc-a9f4-3a96053aceac,0
2026-07-18T09:26:26,NK000776,301,,0.0,0.0,57960.0,CÔNG TY TRÁCH NHIỆM HỮU HẠN THƯƠNG MẠI VÀ DỊCH VỤ TRÚC NGUYÊN,NCC011TRUCNGUYEN,6d8e96f8-d1c3-4ae5-b104-e7878e688b5f,57960.0,a578f875-8bc6-11f1-9b18-005056b2a5de,a38f9189-ad87-11ef-a35e-005056b28600,CÔNG TY TNHH THƯƠNG MẠI VÀ DỊCH VỤ MIRA GROUP,a556e3ed-8bc6-11f1-9b18-005056b2a5de,80,750e20f1-4cc2-4eb9-9d3c-94e027cd6eaa,0
2026-07-20T09:32:09,NK000777,301,,0.0,0.0,0.0,CÔNG TY TNHH THƯƠNG MẠI XÂY DỰNG - CHẾ BIẾN LÂM SẢN - MỘC - THÀNH LỢI,NCC027THANHLOI,11ec3962-3823-4ab6-b641-276ebe8e0d23,0.0,a5611a63-8bc6-11f1-9b18-005056b2a5de,a38f9189-ad87-11ef-a35e-005056b28600,CÔNG TY TNHH THƯƠNG MẠI VÀ DỊCH VỤ MIRA GROUP,a556e3ed-8bc6-11f1-9b18-005056b2a5de,19,933d9e8b-24bb-40c9-a797-57723b90b0fe,0
2026-07-20T09:34:09,NK000778,301,,0.0,0.0,560000.0,CÔNG TY TRÁCH NHIỆM HỮU HẠN THƯƠNG MẠI - DỊCH VU MINH NGA NINH THUẬN,NCC017MINHNGA,bf87b2c9-c364-469d-b853-74d25d61102f,560000.0,a58e8394-8bc6-11f1-9b18-005056b2a5de,a38f9189-ad87-11ef-a35e-005056b28600,CÔNG TY TNHH THƯƠNG MẠI VÀ DỊCH VỤ MIRA GROUP,a556e3ed-8bc6-11f1-9b18-005056b2a5de,124,28fdb75d-0bc5-4222-b264-100dfd18109e,0
2026-07-21T09:46:04,NK000780,301,,0.0,0.0,0.0,CÔNG TY TNHH XNK THÀNH PHƯƠNG GROUP,NCC044THANHPHUONG,55feb07f-1e66-4087-b4d4-96d0a0342ea0,0.0,a573f081-8bc6-11f1-9b18-005056b2a5de,a38f9189-ad87-11ef-a35e-005056b28600,CÔNG TY TNHH THƯƠNG MẠI VÀ DỊCH VỤ MIRA GROUP,a556e3ed-8bc6-11f1-9b18-005056b2a5de,65,8e3c4034-beeb-465a-8ea7-21b7702d309a,0
2026-07-21T09:46:45,NK000781,301,,0.0,0.0,3087384.0,CÔNG TY TNHH DƯỢC PHẨM - THƯƠNG MẠI THY THY,NCC022THYTHY,1696ed98-99df-4284-b34b-2adf9ebeb2e9,3087384.0,a56363d4-8bc6-11f1-9b18-005056b2a5de,a38f9189-ad87-11ef-a35e-005056b28600,CÔNG TY TNHH THƯƠNG MẠI VÀ DỊCH VỤ MIRA GROUP,a556e3ed-8bc6-11f1-9b18-005056b2a5de,28,1a071ace-1ec3-49bc-b88e-fae46248e35e,0
2026-07-21T09:49:36,NK000782,301,,0.0,0.0,0.0,CHI NHÁNH CÔNG TY TNHH THƯƠNG MẠI ĐẮC HƯNG TẠI NINH THUẬN,NCC007DACHUNG,0206a6c4-c344-40cb-99e7-d52df26fd7f1,0.0,a55caea5-8bc6-11f1-9b18-005056b2a5de,a38f9189-ad87-11ef-a35e-005056b28600,CÔNG TY TNHH THƯƠNG MẠI VÀ DỊCH VỤ MIRA GROUP,a556e3ed-8bc6-11f1-9b18-005056b2a5de,4,2a0157e5-e15c-40c4-9c69-aea292c57b8c,0
2026-07-21T09:52:24,NK000783,301,,0.0,0.0,0.0,CÔNG TY TNHH TM VÀ DV PHÂN PHỐI CÁT TƯỜNG,NCC055CATTUONG,969f1d95-efce-4425-9207-9771c155df87,0.0,a581b156-8bc6-11f1-9b18-005056b2a5de,a38f9189-ad87-11ef-a35e-005056b28600,CÔNG TY TNHH THƯƠNG MẠI VÀ DỊCH VỤ MIRA GROUP,a556e3ed-8bc6-11f1-9b18-005056b2a5de,99,a4387656-b580-44c1-bd20-874e04ab90d0,0
2026-07-25T09:53:32,NK000784,301,,0.0,0.0,3087384.0,CÔNG TY TNHH DƯỢC PHẨM - THƯƠNG MẠI THY THY,NCC022THYTHY,1696ed98-99df-4284-b34b-2adf9ebeb2e9,3087384.0,a5636468-8bc6-11f1-9b18-005056b2a5de,a38f9189-ad87-11ef-a35e-005056b28600,CÔNG TY TNHH THƯƠNG MẠI VÀ DỊCH VỤ MIRA GROUP,a556e3ed-8bc6-11f1-9b18-005056b2a5de,29,9e0fc4a0-6ae0-4f85-a428-3c449faf0742,0
2026-07-26T09:57:02,NK000785,301,,0.0,0.0,0.0,Nguyễn Lê Kim Yến,NCC016MOCTIENPHAT,30ae4d6d-a357-4d34-be6a-fbcf2e0a678f,0.0,a56c038d-8bc6-11f1-9b18-005056b2a5de,a38f9189-ad87-11ef-a35e-005056b28600,CÔNG TY TNHH THƯƠNG MẠI VÀ DỊCH VỤ MIRA GROUP,a556e3ed-8bc6-11f1-9b18-005056b2a5de,45,d9fe1171-d6e8-4fd0-a87b-36764bc60d8d,0
2026-07-27T09:22:41,NK000786,301,,0.0,0.0,480000.0,CÔNG TY TNHH BAMECO,NCC020BAMECO,96b91e8a-6526-42e7-a349-ad362b14ce5f,480000.0,a5835174-8bc6-11f1-9b18-005056b2a5de,a38f9189-ad87-11ef-a35e-005056b28600,CÔNG TY TNHH THƯƠNG MẠI VÀ DỊCH VỤ MIRA GROUP,a556e3ed-8bc6-11f1-9b18-005056b2a5de,104,8d28e9f9-12a8-41e7-8890-c5c7f5d05b4f,0
2026-07-27T09:42:11,NK000779,301,,0.0,0.0,0.0,CÔNG TY TRÁCH NHIỆM HỮU HẠN THƯƠNG MẠI SẢN XUẤT DỊCH VỤ LONG HƯNG,NCC010LONGHUNG,dcd47cee-0ffe-4f87-94f3-337df4de56c2,0.0,a59f10e3-8bc6-11f1-9b18-005056b2a5de,a38f9189-ad87-11ef-a35e-005056b28600,CÔNG TY TNHH THƯƠNG MẠI VÀ DỊCH VỤ MIRA GROUP,a556e3ed-8bc6-11f1-9b18-005056b2a5de,161,03afa0c3-7346-47e5-9994-dfd1213e7fd4,0
2026-07-28T10:00:40,NK000787,301,,0.0,0.0,-11000.0,CÔNG TY TRÁCH NHIỆM HỮU HẠN LÂM MINH NGUYÊN,NCC015LAMMINHNGUYEN,4b3876eb-cb7f-4ec3-92c0-e4d862f0e0be,-11000.0,a5714b61-8bc6-11f1-9b18-005056b2a5de,a38f9189-ad87-11ef-a35e-005056b28600,CÔNG TY TNHH THƯƠNG MẠI VÀ DỊCH VỤ MIRA GROUP,a556e3ed-8bc6-11f1-9b18-005056b2a5de,57,c61dd096-0d85-43f5-a4db-14732fca4c43,0
2026-07-28T10:43:36,NK000788,301,,0.0,0.0,332008.0,CÔNG TY TNHH TM – TH– HẢI VY,NCC025HAIVY,c7b04283-944e-4940-9371-6843fc25cfe1,332008.0,a591d526-8bc6-11f1-9b18-005056b2a5de,a38f9189-ad87-11ef-a35e-005056b28600,CÔNG TY TNHH THƯƠNG MẠI VÀ DỊCH VỤ MIRA GROUP,a556e3ed-8bc6-11f1-9b18-005056b2a5de,132,62d85235-b5b9-4c23-9648-adb596c076aa,0
2026-07-28T11:02:49,NK000789,301,,0.0,0.0,0.0,CÔNG TY TNHH PHÂN PHỐI HÙNG PHÁT,NCC019HUNGPHAT,db764d64-13c7-4bc6-b47f-cd55f736b80e,0.0,a59d0c2b-8bc6-11f1-9b18-005056b2a5de,a38f9189-ad87-11ef-a35e-005056b28600,CÔNG TY TNHH THƯƠNG MẠI VÀ DỊCH VỤ MIRA GROUP,a556e3ed-8bc6-11f1-9b18-005056b2a5de,156,48e369be-f229-4dae-9819-e83cb148d052,0
2026-07-28T11:14:35,NK000790,301,,0.0,0.0,0.0,CÔNG TY TRÁCH NHIỆM HỮU HẠN THƯƠNG MẠI SONG PHÁT THỊNH,NCC028SONGPHATTHINH,5ff588fd-1c80-45e9-b228-f2510ac7c7d3,0.0,a576116f-8bc6-11f1-9b18-005056b2a5de,a38f9189-ad87-11ef-a35e-005056b28600,CÔNG TY TNHH THƯƠNG MẠI VÀ DỊCH VỤ MIRA GROUP,a556e3ed-8bc6-11f1-9b18-005056b2a5de,72,59996fe6-4412-4db6-b85b-fccccfe6718c,0
2026-07-28T11:27:36,NK000791,301,,0.0,0.0,1561600.0,CÔNG TY TRÁCH NHIỆM HỮU HẠN THƯƠNG MẠI VÀ DỊCH VỤ TRÚC NHI,NCC006TRUCNHI,fb21997b-58fa-43cd-bfcc-67d858757375,1561600.0,a5a4a014-8bc6-11f1-9b18-005056b2a5de,a38f9189-ad87-11ef-a35e-005056b28600,CÔNG TY TNHH THƯƠNG MẠI VÀ DỊCH VỤ MIRA GROUP,a556e3ed-8bc6-11f1-9b18-005056b2a5de,173,e5657911-def3-41ee-a379-516e7ed56ceb,0
2026-07-28T11:38:52,NK000792,301,,0.0,0.0,3087384.0,CÔNG TY TNHH DƯỢC PHẨM - THƯƠNG MẠI THY THY,NCC022THYTHY,1696ed98-99df-4284-b34b-2adf9ebeb2e9,3087384.0,a5636508-8bc6-11f1-9b18-005056b2a5de,a38f9189-ad87-11ef-a35e-005056b28600,CÔNG TY TNHH THƯƠNG MẠI VÀ DỊCH VỤ MIRA GROUP,a556e3ed-8bc6-11f1-9b18-005056b2a5de,30,e0f4c8a4-0fc8-4029-a3b7-4366d2058bc4,0
2026-07-28T11:44:24,NK000793,301,,0.0,0.0,57960.0,CÔNG TY TRÁCH NHIỆM HỮU HẠN THƯƠNG MẠI VÀ DỊCH VỤ TRÚC NGUYÊN,NCC011TRUCNGUYEN,6d8e96f8-d1c3-4ae5-b104-e7878e688b5f,57960.0,a578f90e-8bc6-11f1-9b18-005056b2a5de,a38f9189-ad87-11ef-a35e-005056b28600,CÔNG TY TNHH THƯƠNG MẠI VÀ DỊCH VỤ MIRA GROUP,a556e3ed-8bc6-11f1-9b18-005056b2a5de,81,0c2c0542-516a-4138-999f-e6706dd607b0,0
2026-07-28T12:08:52,NK000794,301,,0.0,0.0,0.0,CÔNG TY TNHH THƯƠNG MẠI VÀ DỊCH VỤ BẢO TÍN NINH THUẬN,NCC005BAOTIN,505322d8-c81a-4fe3-b380-7db4d69a8e53,0.0,a572ad29-8bc6-11f1-9b18-005056b2a5de,a38f9189-ad87-11ef-a35e-005056b28600,CÔNG TY TNHH THƯƠNG MẠI VÀ DỊCH VỤ MIRA GROUP,a556e3ed-8bc6-11f1-9b18-005056b2a5de,61,21f3b6a8-e9aa-4b85-9d93-7547fbac21aa,0
2026-07-28T12:13:49,NK000795,301,,0.0,0.0,0.0,HỘ KINH DOANH QUỐC TUÂN,NCC051QUOCTUAN,23cfbada-5d52-4908-b698-32fa9f144b6d,0.0,a564b214-8bc6-11f1-9b18-005056b2a5de,a38f9189-ad87-11ef-a35e-005056b28600,CÔNG TY TNHH THƯƠNG MẠI VÀ DỊCH VỤ MIRA GROUP,a556e3ed-8bc6-11f1-9b18-005056b2a5de,33,6e59e79c-0745-4b9d-b165-0cb746e084c5,0
2026-07-29T08:25:07,NK000797,301,,0.0,0.0,1561600.0,CÔNG TY TRÁCH NHIỆM HỮU HẠN THƯƠNG MẠI VÀ DỊCH VỤ TRÚC NHI,NCC006TRUCNHI,fb21997b-58fa-43cd-bfcc-67d858757375,1561600.0,a5a4a0e7-8bc6-11f1-9b18-005056b2a5de,a38f9189-ad87-11ef-a35e-005056b28600,CÔNG TY TNHH THƯƠNG MẠI VÀ DỊCH VỤ MIRA GROUP,a556e3ed-8bc6-11f1-9b18-005056b2a5de,174,914782e6-7fdf-4abe-baed-1e535090a045,0
2026-07-29T09:05:10,NK000798,301,,0.0,0.0,0.0,CÔNG TY TNHH PHÂN PHỐI HÙNG PHÁT,NCC019HUNGPHAT,db764d64-13c7-4bc6-b47f-cd55f736b80e,0.0,a59d0cd3-8bc6-11f1-9b18-005056b2a5de,a38f9189-ad87-11ef-a35e-005056b28600,CÔNG TY TNHH THƯƠNG MẠI VÀ DỊCH VỤ MIRA GROUP,a556e3ed-8bc6-11f1-9b18-005056b2a5de,157,99d3a774-206d-4e55-87ce-b47d14c8628c,0
2026-07-29T12:19:07,NK000796,301,,0.0,0.0,0.0,CÔNG TY TNHH THIÊN PHÚ PHAN RANG,NCC013THIENPHU,74be5b48-1dd4-45e9-9c6d-f47b6e9dd0d8,0.0,a57c6559-8bc6-11f1-9b18-005056b2a5de,a38f9189-ad87-11ef-a35e-005056b28600,CÔNG TY TNHH THƯƠNG MẠI VÀ DỊCH VỤ MIRA GROUP,a556e3ed-8bc6-11f1-9b18-005056b2a5de,88,77d5cdbb-8f7b-4df7-a54a-5f0086ba9409,0
2026-07-30T09:15:50,NK000799,301,,0.0,0.0,2310000.0,CÔNG TY TNHH THƯƠNG MẠI - DỊCH VỤ ĐÔNG VÂN,NCC014DONGVAN,db4f71cb-103a-436f-b159-7c984ed075e9,2310000.0,a59b6a39-8bc6-11f1-9b18-005056b2a5de,a38f9189-ad87-11ef-a35e-005056b28600,CÔNG TY TNHH THƯƠNG MẠI VÀ DỊCH VỤ MIRA GROUP,a556e3ed-8bc6-11f1-9b18-005056b2a5de,151,27098b0f-ba66-4a51-b7ad-8f5431a450b1,0
2026-07-30T09:15:50,NK000799,301,,0.0,0.0,2310000.0,CÔNG TY TNHH THƯƠNG MẠI - DỊCH VỤ ĐÔNG VÂN,NCC014DONGVAN,db4f71cb-103a-436f-b159-7c984ed075e9,2310000.0,c43a41eb-8bd7-11f1-9b18-005056b2a5de,a38f9189-ad87-11ef-a35e-005056b28600,CÔNG TY TNHH THƯƠNG MẠI VÀ DỊCH VỤ MIRA GROUP,c3dc9296-8bd7-11f1-9b18-005056b2a5de,100,27098b0f-ba66-4a51-b7ad-8f5431a450b1,0
